seqname	source	feature	start_1based	end_1based	score	strand	Parent_Node	Child_Node	neg_log_likelihood	snp_count	taxa_List	start_0based	CenterOfRegion	Lineage	Overlap_Genes	Overlap_Gene_RvIDs	Contains_Esx	Contains_PEPPE	Contains_REP13E12	NoOverlap_Wi_PEPPE_Esx_13E12_Genes	EventID	EventLen	HmAln_Count	HmAln_Ovrlap	HHR_Count	HHR_Ovrlap
NC_000962.3	GUBBINS	CDS	103600	104478	0.000	.	Node_148	Node_133	1737.432787	10	['mada_2-31', 'mada_1-41', 'MT_0080', 'mada_102', 'TB3334', 'mada_105', 'TB3169', 'M0014888_3', 'mada_151', 'mada_129', 'QC-4', 'QC-8', 'QC-10', '02_R1708', '02_R0894', 'mada_139', 'M0017522_5', 'S0106-01', 'R21770', 'R21839', 'R21363', 'mada_1-32', 'R30396', 'R20896', 'TB3251', 'M0016395_7', 'R15311', '02_R1179', 'TB3162', 'TB2661', 'TB3386', 'M0010874_7', 'QC-7', 'QC-6', 'QC-1', '01_R1430', 'M0011368_9', 'mada_103', 'mada_112', 'mada_124', 'S0123-01', 'S0262-02', '02_R1896', 'mada_2-25', 'TB3237', 'TB4620', 'M0016737_0', 'TB3054', 'mada_126', 'mada_120', '01_R1134', 'mada_1-38', 'TB2968', 'mada_123', 'R23571', 'mada_2-1', 'mada_1-50', 'mada_1-53', 'mada_2-53', 'mada_1-12', 'mada_128', 'mada_1-15', 'N1274', 'N0054', 'QC-3', 'QC-9', 'QC-5', 'N0004', 'mada_1-30', 'R21893', 'R30420', 'R32929', 'R26778', 'R23146', 'R28980', 'R21408', 'R20574', 'R20260', 'R26791', 'R27725', 'R18043', 'R18040', 'R27937', 'R22601', '18_0621851', 'N0155', 'mada_1-11', 'N0145', 'S0085-01', 'S0089-01', 'S0107-01', 'R29598', 'R24100', 'R28581', 'S0256-08', 'R37765', 'M0003941_3', 'mada_115', 'mada_2-42', 'TB2995', 'TB2512', 'TB2981', '706-05', 'TB3113', 'S0070-08', 'R29816', 'R36431', 'R24120', 'R28703', 'R30234', 'R31095', 'R30078', 'R28012', 'R27657', 'R30215', 'R25048', 'TB2780', 'TB3368', '8129-04', 'TB1236', 'TB2659', 'TB1612', 'TB3396', '4549-04', '696-05', '8651-04', 'TB3091', '702-06', '9050-05', '3003-06']	103599	104038.5	None	Rv0093c,Rv0094c	Rv0093c,Rv0094c	False	False	True	False	Event_001	879	2	1	1	1
NC_000962.3	GUBBINS	CDS	103676	103930	0.000	.	Node_3	N1177	1950.228311	5	['N1177']	103675	103802.5	lineage6	Rv0094c	Rv0094c	False	False	True	False	Event_002	255	2	1	1	1
NC_000962.3	GUBBINS	CDS	103823	103846	0.000	.	Node_146	N0153	1944.165722	4	['N0153']	103822	103834.0	lineage1	Rv0094c	Rv0094c	False	False	True	False	Event_003	24	2	1	1	1
NC_000962.3	GUBBINS	CDS	103823	104065	0.000	.	Node_134	R27252	2067.461166	6	['R27252']	103822	103943.5	lineage1	Rv0094c	Rv0094c	False	False	True	False	Event_004	243	2	1	1	1
NC_000962.3	GUBBINS	CDS	103823	104712	0.000	.	Node_4	Node_3	3155.350126	7	['N1177', 'N1202', 'N0091']	103822	104267.0	lineage6	Rv0094c	Rv0094c	False	False	True	False	Event_005	890	2	1	1	1
NC_000962.3	GUBBINS	CDS	103823	104941	0.000	.	Node_2	N0091	1750.558488	12	['N0091']	103822	104381.5	lineage6	Rv0094c,Rv0095c	Rv0094c,Rv0095c	False	False	True	False	Event_006	1119	2	1	1	1
NC_000962.3	GUBBINS	CDS	103823	105000	0.000	.	Node_149	RW-TB008	4639.341065	16	['RW-TB008']	103822	104411.0	lineage8	Rv0094c,Rv0095c	Rv0094c,Rv0095c	False	False	True	False	Event_007	1178	2	1	1	1
NC_000962.3	GUBBINS	CDS	103836	104283	0.000	.	Node_36	Node_28	639.18739	5	['M0016395_7', 'R15311']	103835	104059.0	lineage4	Rv0094c	Rv0094c	False	False	True	False	Event_008	448	2	1	1	1
NC_000962.3	GUBBINS	CDS	103836	104283	0.000	.	Node_69	Node_67	961.131709	4	['QC-3', 'QC-9', 'QC-5']	103835	104059.0	lineage3	Rv0094c	Rv0094c	False	False	True	False	Event_009	448	2	1	1	1
NC_000962.3	GUBBINS	CDS	103840	105045	0.000	.	Node_4	Node_1	3593.178381	31	['N1272', 'N1176']	103839	104442.0	lineage5	Rv0094c,Rv0095c	Rv0094c,Rv0095c	False	False	True	False	Event_010	1206	2	1	1	1
NC_000962.3	GUBBINS	CDS	103879	104283	0.000	.	Node_46	M0016737_0	1133.144121	4	['M0016737_0']	103878	104080.5	lineage4	Rv0094c	Rv0094c	False	False	True	False	Event_011	405	2	1	1	1
NC_000962.3	GUBBINS	CDS	103879	104283	0.000	.	Node_48	Node_47	1508.318418	5	['mada_126', 'mada_120']	103878	104080.5	lineage4	Rv0094c	Rv0094c	False	False	True	False	Event_012	405	2	1	1	1
NC_000962.3	GUBBINS	CDS	103893	104034	0.000	.	Node_148	Node_147	2463.174204	6	['R27252', 'R23887', 'N0153', 'N0072', 'mada_1-10', 'mada_118', 'mada_1-36', 'mada_117', 'mada_1-39', 'mada_107', 'mada_2-46', 'mada_1-44', 'mada_1-1', 'mada_1-51', 'mada_122']	103892	103963.0	lineage1	Rv0094c	Rv0094c	False	False	True	False	Event_013	142	2	1	1	1
NC_000962.3	GUBBINS	CDS	103992	104478	0.000	.	Node_143	mada_118	1287.558839	7	['mada_118']	103991	104234.5	lineage1	Rv0094c	Rv0094c	False	False	True	False	Event_014	487	2	1	1	1
NC_000962.3	GUBBINS	CDS	103992	104478	0.000	.	Node_145	N0072	1377.850951	6	['N0072']	103991	104234.5	lineage1	Rv0094c	Rv0094c	False	False	True	False	Event_015	487	2	1	1	1
NC_000962.3	GUBBINS	CDS	104065	104283	0.000	.	Node_143	Node_142	658.632674	4	['mada_1-36', 'mada_117', 'mada_1-39', 'mada_107', 'mada_2-46', 'mada_1-44', 'mada_1-1', 'mada_1-51', 'mada_122']	104064	104173.5	lineage1	Rv0094c	Rv0094c	False	False	True	False	Event_016	219	2	1	1	1
NC_000962.3	GUBBINS	CDS	104276	105063	0.000	.	Node_64	TB3251	2212.005781	16	['TB3251']	104275	104669.0	lineage4	Rv0094c,Rv0095c	Rv0094c,Rv0095c	False	False	True	False	Event_017	788	2	1	1	1
NC_000962.3	GUBBINS	CDS	104767	104824	0.000	.	Node_28	R15311	622.885743	14	['R15311']	104766	104795.0	lineage4	Rv0095c	Rv0095c	False	False	True	False	Event_018	58	2	1	1	1
NC_000962.3	GUBBINS	CDS	104767	104838	0.000	.	Node_20	R21770	693.527123	16	['R21770']	104766	104802.0	lineage4	Rv0095c	Rv0095c	False	False	True	False	Event_019	72	2	1	1	1
NC_000962.3	GUBBINS	CDS	104767	104858	0.000	.	Node_41	Node_40	736.547601	17	['S0123-01', 'S0262-02']	104766	104812.0	lineage4	Rv0095c	Rv0095c	False	False	True	False	Event_020	92	2	1	1	1
NC_000962.3	GUBBINS	CDS	104767	105011	0.000	.	Node_144	mada_1-10	1639.616511	18	['mada_1-10']	104766	104888.5	lineage1	Rv0095c	Rv0095c	False	False	True	False	Event_021	245	2	1	1	1
NC_000962.3	GUBBINS	CDS	104767	105011	0.000	.	Node_53	mada_123	756.155351	29	['mada_123']	104766	104888.5	lineage4	Rv0095c	Rv0095c	False	False	True	False	Event_022	245	2	1	1	1
NC_000962.3	GUBBINS	CDS	104767	105045	0.000	.	Node_132	Node_131	1524.899526	25	['R21893', 'R30420', 'R32929', 'R26778', 'R23146', 'R28980', 'R21408', 'R20574', 'R20260', 'R26791', 'R27725', 'R18043', 'R18040', 'R27937', 'R22601', '18_0621851', 'N0155', 'mada_1-11', 'N0145', 'S0085-01', 'S0089-01', 'S0107-01', 'R29598', 'R24100', 'R28581', 'S0256-08', 'R37765', 'M0003941_3', 'mada_115', 'mada_2-42', 'TB2995', 'TB2512', 'TB2981', '706-05', 'TB3113', 'S0070-08', 'R29816', 'R36431', 'R24120', 'R28703', 'R30234', 'R31095', 'R30078', 'R28012', 'R27657', 'R30215', 'R25048', 'TB2780', 'TB3368', '8129-04', 'TB1236', 'TB2659', 'TB1612', 'TB3396', '4549-04', '696-05', '8651-04', 'TB3091', '702-06', '9050-05', '3003-06']	104766	104905.5	lineage2	Rv0095c	Rv0095c	False	False	True	False	Event_023	279	2	1	1	1
NC_000962.3	GUBBINS	CDS	104771	104817	0.000	.	Node_138	mada_1-1	565.586723	12	['mada_1-1']	104770	104793.5	lineage1	Rv0095c	Rv0095c	False	False	True	False	Event_024	47	2	1	1	1
NC_000962.3	GUBBINS	CDS	104782	104943	0.000	.	Node_90	Node_88	91.192809	4	['S0107-01', 'R29598', 'R24100']	104781	104862.0	lineage2	Rv0095c	Rv0095c	False	False	True	False	Event_025	162	2	1	1	1
NC_000962.3	GUBBINS	CDS	104782	104962	0.000	.	Node_59	01_R1134	1714.354684	7	['01_R1134']	104781	104871.5	lineage4	Rv0095c	Rv0095c	False	False	True	False	Event_026	181	2	1	1	1
NC_000962.3	GUBBINS	CDS	104915	104944	0.000	.	Node_46	TB4620	1000.992789	6	['TB4620']	104914	104929.0	lineage4	Rv0095c	Rv0095c	False	False	True	False	Event_027	30	2	1	1	1
NC_000962.3	GUBBINS	CDS	104915	105045	0.000	.	Node_36	Node_35	599.300815	8	['02_R1179', 'TB3162', 'TB2661', 'TB3386', 'M0010874_7', 'QC-7', 'QC-6', 'QC-1']	104914	104979.5	lineage4	Rv0095c	Rv0095c	False	False	True	False	Event_028	131	2	1	1	1
NC_000962.3	GUBBINS	CDS	104944	105050	0.000	.	Node_62	Node_45	862.45941	4	['01_R1430', 'M0011368_9', 'mada_103', 'mada_112', 'mada_124', 'S0123-01', 'S0262-02', '02_R1896', 'mada_2-25', 'TB3237']	104943	104996.5	lineage4	Rv0095c	Rv0095c	False	False	True	False	Event_029	107	2	1	1	1
NC_000962.3	GUBBINS	CDS	104962	105063	0.000	.	Node_22	Node_21	697.892208	4	['R30396', 'R20896']	104961	105012.0	lineage4	Rv0095c	Rv0095c	False	False	True	False	Event_030	102	2	1	1	1
NC_000962.3	GUBBINS	CDS	105021	105063	0.000	.	Node_50	Node_49	204.548917	4	['mada_1-53', 'mada_2-53']	105020	105041.5	lineage4	Rv0095c	Rv0095c	False	False	True	False	Event_031	43	2	1	1	1
NC_000962.3	GUBBINS	CDS	150327	150338	0.000	.	Node_25	Node_24	729.76606	6	['S0106-01', 'R21770', 'R21839', 'R21363', 'mada_1-32', 'R30396', 'R20896']	150326	150332.0	lineage4	PE_PGRS2	Rv0124	False	True	False	False	Event_032	12	0	0	0	0
NC_000962.3	GUBBINS	CDS	332726	332916	0.000	.	Node_17	TB3334	946.59072	4	['TB3334']	332725	332820.5	lineage4	vapC25	Rv0277c	False	False	False	True	Event_033	191	1	1	1	1
NC_000962.3	GUBBINS	CDS	332726	333086	0.000	.	Node_144	mada_1-10	1590.558219	10	['mada_1-10']	332725	332905.5	lineage1	vapC25	Rv0277c	False	False	False	True	Event_034	361	1	1	1	1
NC_000962.3	GUBBINS	CDS	333406	333441	0.000	.	Node_34	M0010874_7	612.115174	7	['M0010874_7']	333405	333423.0	lineage4	vapB25,PE_PGRS3	Rv0277A,Rv0278c	False	True	False	False	Event_035	36	1	1	1	1
NC_000962.3	GUBBINS	CDS	334552	334577	0.000	.	Node_15	Node_14	610.509286	6	['02_R1708', '02_R0894']	334551	334564.0	lineage4	PE_PGRS3	Rv0278c	False	True	False	False	Event_036	26	4	1	1	1
NC_000962.3	GUBBINS	CDS	338618	338792	0.000	.	Node_65	Node_27	522.375645	5	['mada_2-31', 'mada_1-41', 'MT_0080', 'mada_102', 'TB3334', 'mada_105', 'TB3169', 'M0014888_3', 'mada_151', 'mada_129', 'QC-4', 'QC-8', 'QC-10', '02_R1708', '02_R0894', 'mada_139', 'M0017522_5', 'S0106-01', 'R21770', 'R21839', 'R21363', 'mada_1-32', 'R30396', 'R20896']	338617	338704.5	lineage4	PE_PGRS4	Rv0279c	False	True	False	False	Event_037	175	2	1	1	1
NC_000962.3	GUBBINS	CDS	338648	338692	0.000	.	Node_71	Node_70	725.891916	7	['N0054', 'QC-3', 'QC-9', 'QC-5', 'N0004', 'mada_1-30']	338647	338669.5	lineage3	PE_PGRS4	Rv0279c	False	True	False	False	Event_038	45	2	1	1	1
NC_000962.3	GUBBINS	CDS	338719	338837	0.000	.	Node_30	TB3162	379.336794	13	['TB3162']	338718	338777.5	lineage4	PE_PGRS4	Rv0279c	False	True	False	False	Event_039	119	2	1	1	1
NC_000962.3	GUBBINS	CDS	338719	338837	0.000	.	Node_6	MT_0080	869.760686	6	['MT_0080']	338718	338777.5	lineage4	PE_PGRS4	Rv0279c	False	True	False	False	Event_040	119	2	1	1	1
NC_000962.3	GUBBINS	CDS	338719	338984	0.000	.	Node_25	M0017522_5	1554.085367	18	['M0017522_5']	338718	338851.0	lineage4	PE_PGRS4	Rv0279c	False	True	False	False	Event_041	266	2	1	1	1
NC_000962.3	GUBBINS	CDS	338768	338903	0.000	.	Node_27	Node_5	1630.581177	6	['mada_2-31', 'mada_1-41']	338767	338835.0	lineage4	PE_PGRS4	Rv0279c	False	True	False	False	Event_042	136	2	1	1	1
NC_000962.3	GUBBINS	CDS	338789	338837	0.000	.	Node_138	mada_1-1	463.485159	5	['mada_1-1']	338788	338812.5	lineage1	PE_PGRS4	Rv0279c	False	True	False	False	Event_043	49	2	1	1	1
NC_000962.3	GUBBINS	CDS	338844	338903	0.000	.	Node_53	Node_52	105.775287	4	['R23571', 'mada_2-1', 'mada_1-50', 'mada_1-53', 'mada_2-53']	338843	338873.0	lineage4	PE_PGRS4	Rv0279c	False	True	False	False	Event_044	60	2	1	1	1
NC_000962.3	GUBBINS	CDS	338844	338963	0.000	.	Node_54	mada_1-12	605.716191	6	['mada_1-12']	338843	338903.0	lineage4	PE_PGRS4	Rv0279c	False	True	False	False	Event_045	120	2	1	1	1
NC_000962.3	GUBBINS	CDS	338984	338998	0.000	.	Node_36	Node_35	571.550662	4	['02_R1179', 'TB3162', 'TB2661', 'TB3386', 'M0010874_7', 'QC-7', 'QC-6', 'QC-1']	338983	338990.5	lineage4	PE_PGRS4	Rv0279c	False	True	False	False	Event_046	15	2	1	1	1
NC_000962.3	GUBBINS	CDS	473767	473971	0.000	.	Node_134	R27252	2090.86106	6	['R27252']	473766	473868.5	lineage1	Rv0393	Rv0393	False	False	True	False	Event_047	205	1	1	1	1
NC_000962.3	GUBBINS	CDS	473822	473971	0.000	.	Node_60	Node_48	278.500441	5	['TB3054', 'mada_126', 'mada_120']	473821	473896.0	lineage4	Rv0393	Rv0393	False	False	True	False	Event_048	150	1	1	1	1
NC_000962.3	GUBBINS	CDS	475833	475971	0.000	.	Node_41	Node_40	648.389372	7	['S0123-01', 'S0262-02']	475832	475901.5	lineage4	Rv0397	Rv0397	False	False	False	True	Event_049	139	1	1	1	1
NC_000962.3	GUBBINS	CDS	475959	476054	0.000	.	Node_4	Node_3	3238.214777	10	['N1177', 'N1202', 'N0091']	475958	476006.0	lineage6	Rv0397	Rv0397	False	False	False	True	Event_050	96	1	1	1	1
NC_000962.3	GUBBINS	CDS	531580	531595	0.000	.	Node_41	Node_40	617.781169	5	['S0123-01', 'S0262-02']	531579	531587.0	lineage4	PPE10	Rv0442c	False	True	False	False	Event_051	16	0	0	0	0
NC_000962.3	GUBBINS	CDS	531622	531631	0.000	.	Node_57	Node_56	435.671253	4	['mada_123', 'R23571', 'mada_2-1', 'mada_1-50', 'mada_1-53', 'mada_2-53', 'mada_1-12', 'mada_128', 'mada_1-15']	531621	531626.0	lineage4	PPE10	Rv0442c	False	True	False	False	Event_052	10	0	0	0	0
NC_000962.3	GUBBINS	CDS	623260	623279	0.000	.	Node_4	Node_1	3464.693255	5	['N1272', 'N1176']	623259	623269.0	lineage5	PE_PGRS6	Rv0532	False	True	False	False	Event_053	20	0	0	0	0
NC_000962.3	GUBBINS	CDS	623260	623279	0.000	.	Node_69	Node_67	972.830205	4	['QC-3', 'QC-9', 'QC-5']	623259	623269.0	lineage3	PE_PGRS6	Rv0532	False	True	False	False	Event_054	20	0	0	0	0
NC_000962.3	GUBBINS	CDS	837497	837508	0.000	.	Node_134	R23887	2050.445707	4	['R23887']	837496	837502.0	lineage1	PE_PGRS9	Rv0746	False	True	False	False	Event_055	12	1	1	0	0
NC_000962.3	GUBBINS	CDS	838643	838702	0.000	.	Node_146	N0153	2031.217925	18	['N0153']	838642	838672.0	lineage1	PE_PGRS10	Rv0747	False	True	False	False	Event_056	60	4	1	1	1
NC_000962.3	GUBBINS	CDS	839098	839291	0.000	.	Node_4	Node_3	3211.012559	7	['N1177', 'N1202', 'N0091']	839097	839194.0	lineage6	PE_PGRS10	Rv0747	False	True	False	False	Event_057	194	7	1	1	1
NC_000962.3	GUBBINS	CDS	839251	839291	0.000	.	Node_144	mada_1-10	1511.404547	5	['mada_1-10']	839250	839270.5	lineage1	PE_PGRS10	Rv0747	False	True	False	False	Event_058	41	7	1	1	1
NC_000962.3	GUBBINS	CDS	841377	841651	0.000	.	Node_27	Node_5	1591.478718	6	['mada_2-31', 'mada_1-41']	841376	841513.5	lineage4	vapC31	Rv0749	False	False	False	True	Event_059	275	1	1	1	1
NC_000962.3	GUBBINS	CDS	841377	841651	0.000	.	Node_53	mada_123	691.198422	10	['mada_123']	841376	841513.5	lineage4	vapC31	Rv0749	False	False	False	True	Event_060	275	1	1	1	1
NC_000962.3	GUBBINS	CDS	842026	842111	0.000	.	Node_17	TB3334	1025.223997	10	['TB3334']	842025	842068.0	lineage4	Rv0750	Rv0750	False	False	False	True	Event_061	86	1	1	1	1
NC_000962.3	GUBBINS	CDS	842051	842065	0.000	.	Node_64	TB3251	2083.211646	6	['TB3251']	842050	842057.5	lineage4	Rv0750	Rv0750	False	False	False	True	Event_062	15	1	1	1	1
NC_000962.3	GUBBINS	CDS	842051	842111	0.000	.	Node_89	S0256-08	124.943606	7	['S0256-08']	842050	842080.5	lineage2	Rv0750	Rv0750	False	False	False	True	Event_063	61	1	1	1	1
NC_000962.3	GUBBINS	CDS	921813	921861	0.000	.	Node_149	RW-TB008	4400.769124	5	['RW-TB008']	921812	921836.5	lineage8	Rv0829	Rv0829	False	False	False	True	Event_064	49	4	1	1	1
NC_000962.3	GUBBINS	CDS	921813	921861	0.000	.	Node_27	Node_5	1552.057887	4	['mada_2-31', 'mada_1-41']	921812	921836.5	lineage4	Rv0829	Rv0829	False	False	False	True	Event_065	49	4	1	1	1
NC_000962.3	GUBBINS	CDS	925786	925801	0.000	.	Node_143	mada_118	1258.587675	4	['mada_118']	925785	925793.0	lineage1	PE_PGRS13	Rv0833	False	True	False	False	Event_066	16	4	1	1	1
NC_000962.3	GUBBINS	CDS	1094140	1094415	0.000	.	Node_148	Node_133	1606.178382	5	['mada_2-31', 'mada_1-41', 'MT_0080', 'mada_102', 'TB3334', 'mada_105', 'TB3169', 'M0014888_3', 'mada_151', 'mada_129', 'QC-4', 'QC-8', 'QC-10', '02_R1708', '02_R0894', 'mada_139', 'M0017522_5', 'S0106-01', 'R21770', 'R21839', 'R21363', 'mada_1-32', 'R30396', 'R20896', 'TB3251', 'M0016395_7', 'R15311', '02_R1179', 'TB3162', 'TB2661', 'TB3386', 'M0010874_7', 'QC-7', 'QC-6', 'QC-1', '01_R1430', 'M0011368_9', 'mada_103', 'mada_112', 'mada_124', 'S0123-01', 'S0262-02', '02_R1896', 'mada_2-25', 'TB3237', 'TB4620', 'M0016737_0', 'TB3054', 'mada_126', 'mada_120', '01_R1134', 'mada_1-38', 'TB2968', 'mada_123', 'R23571', 'mada_2-1', 'mada_1-50', 'mada_1-53', 'mada_2-53', 'mada_1-12', 'mada_128', 'mada_1-15', 'N1274', 'N0054', 'QC-3', 'QC-9', 'QC-5', 'N0004', 'mada_1-30', 'R21893', 'R30420', 'R32929', 'R26778', 'R23146', 'R28980', 'R21408', 'R20574', 'R20260', 'R26791', 'R27725', 'R18043', 'R18040', 'R27937', 'R22601', '18_0621851', 'N0155', 'mada_1-11', 'N0145', 'S0085-01', 'S0089-01', 'S0107-01', 'R29598', 'R24100', 'R28581', 'S0256-08', 'R37765', 'M0003941_3', 'mada_115', 'mada_2-42', 'TB2995', 'TB2512', 'TB2981', '706-05', 'TB3113', 'S0070-08', 'R29816', 'R36431', 'R24120', 'R28703', 'R30234', 'R31095', 'R30078', 'R28012', 'R27657', 'R30215', 'R25048', 'TB2780', 'TB3368', '8129-04', 'TB1236', 'TB2659', 'TB1612', 'TB3396', '4549-04', '696-05', '8651-04', 'TB3091', '702-06', '9050-05', '3003-06']	1094139	1094277.0	None	PE_PGRS17	Rv0978c	False	True	False	False	Event_067	276	2	1	1	1
NC_000962.3	GUBBINS	CDS	1094140	1094472	0.000	.	Node_71	N1274	1385.212886	6	['N1274']	1094139	1094305.5	lineage3	PE_PGRS17	Rv0978c	False	True	False	False	Event_068	333	2	1	1	1
NC_000962.3	GUBBINS	CDS	1094303	1094538	0.000	.	Node_145	Node_144	234.617637	5	['mada_1-10', 'mada_118', 'mada_1-36', 'mada_117', 'mada_1-39', 'mada_107', 'mada_2-46', 'mada_1-44', 'mada_1-1', 'mada_1-51', 'mada_122']	1094302	1094420.0	lineage1	PE_PGRS17	Rv0978c	False	True	False	False	Event_069	236	2	1	1	1
NC_000962.3	GUBBINS	CDS	1094303	1094538	0.000	.	Node_57	TB2968	979.09263	5	['TB2968']	1094302	1094420.0	lineage4	PE_PGRS17	Rv0978c	False	True	False	False	Event_070	236	2	1	1	1
NC_000962.3	GUBBINS	CDS	1095338	1095525	0.000	.	Node_25	M0017522_5	1434.295216	13	['M0017522_5']	1095337	1095431.0	lineage4	PE_PGRS18	Rv0980c	False	True	False	False	Event_071	188	1	1	1	1
NC_000962.3	GUBBINS	CDS	1095850	1095855	0.000	.	Node_146	N0153	1980.633567	4	['N0153']	1095849	1095852.0	lineage1	PE_PGRS18	Rv0980c	False	True	False	False	Event_072	6	2	1	1	1
NC_000962.3	GUBBINS	CDS	1095942	1096023	0.000	.	Node_65	Node_27	546.026328	7	['mada_2-31', 'mada_1-41', 'MT_0080', 'mada_102', 'TB3334', 'mada_105', 'TB3169', 'M0014888_3', 'mada_151', 'mada_129', 'QC-4', 'QC-8', 'QC-10', '02_R1708', '02_R0894', 'mada_139', 'M0017522_5', 'S0106-01', 'R21770', 'R21839', 'R21363', 'mada_1-32', 'R30396', 'R20896']	1095941	1095982.0	lineage4	PE_PGRS18	Rv0980c	False	True	False	False	Event_073	82	2	1	1	1
NC_000962.3	GUBBINS	CDS	1095942	1096508	0.000	.	Node_33	QC-7	453.044581	9	['QC-7']	1095941	1096224.5	lineage4	PE_PGRS18	Rv0980c	False	True	False	False	Event_074	567	2	1	1	1
NC_000962.3	GUBBINS	CDS	1095981	1096323	0.000	.	Node_1	N1272	1012.661678	4	['N1272']	1095980	1096151.5	lineage5	PE_PGRS18	Rv0980c	False	True	False	False	Event_075	343	2	1	1	1
NC_000962.3	GUBBINS	CDS	1095981	1096567	0.000	.	Node_148	Node_147	2414.268739	7	['R27252', 'R23887', 'N0153', 'N0072', 'mada_1-10', 'mada_118', 'mada_1-36', 'mada_117', 'mada_1-39', 'mada_107', 'mada_2-46', 'mada_1-44', 'mada_1-1', 'mada_1-51', 'mada_122']	1095980	1096273.5	lineage1	PE_PGRS18	Rv0980c	False	True	False	False	Event_076	587	2	1	1	1
NC_000962.3	GUBBINS	CDS	1096205	1096510	0.000	.	Node_63	Node_36	716.875948	6	['M0016395_7', 'R15311', '02_R1179', 'TB3162', 'TB2661', 'TB3386', 'M0010874_7', 'QC-7', 'QC-6', 'QC-1']	1096204	1096357.0	lineage4	PE_PGRS18	Rv0980c	False	True	False	False	Event_077	306	2	1	1	1
NC_000962.3	GUBBINS	CDS	1096235	1096510	0.000	.	Node_131	Node_130	1029.55034	4	['18_0621851', 'N0155', 'mada_1-11', 'N0145', 'S0085-01', 'S0089-01', 'S0107-01', 'R29598', 'R24100', 'R28581', 'S0256-08', 'R37765', 'M0003941_3', 'mada_115', 'mada_2-42', 'TB2995', 'TB2512', 'TB2981', '706-05', 'TB3113', 'S0070-08', 'R29816', 'R36431', 'R24120', 'R28703', 'R30234', 'R31095', 'R30078', 'R28012', 'R27657', 'R30215', 'R25048', 'TB2780', 'TB3368', '8129-04', 'TB1236', 'TB2659', 'TB1612', 'TB3396', '4549-04', '696-05', '8651-04', 'TB3091', '702-06', '9050-05', '3003-06']	1096234	1096372.0	lineage2	PE_PGRS18	Rv0980c	False	True	False	False	Event_078	276	2	1	1	1
NC_000962.3	GUBBINS	CDS	1096665	1096671	0.000	.	Node_71	N1274	1415.473198	4	['N1274']	1096664	1096667.5	lineage3	None	None	False	False	False	True	Event_079	7	2	1	1	1
NC_000962.3	GUBBINS	CDS	1212095	1212130	0.000	.	Node_149	RW-TB008	4559.290871	6	['RW-TB008']	1212094	1212112.0	lineage8	PE_PGRS21	Rv1087	False	True	False	False	Event_080	36	1	1	1	1
NC_000962.3	GUBBINS	CDS	1213371	1213388	0.000	.	Node_149	RW-TB008	4484.833694	5	['RW-TB008']	1213370	1213379.0	lineage8	PE_PGRS21	Rv1087	False	True	False	False	Event_081	18	0	0	0	0
NC_000962.3	GUBBINS	CDS	1217966	1217980	0.000	.	Node_101	706-05	135.457249	5	['706-05']	1217965	1217972.5	lineage2	PE_PGRS22	Rv1091	False	True	False	False	Event_082	15	2	1	0	0
NC_000962.3	GUBBINS	CDS	1263088	1263123	0.000	.	Node_24	S0106-01	640.497945	9	['S0106-01']	1263087	1263105.0	lineage4	PPE16	Rv1135c	False	True	False	False	Event_083	36	1	1	0	0
NC_000962.3	GUBBINS	CDS	1276321	1276432	0.000	.	Node_57	TB2968	958.694897	4	['TB2968']	1276320	1276376.0	lineage4	Rv1148c	Rv1148c	False	False	True	False	Event_084	112	1	1	1	1
NC_000962.3	GUBBINS	CDS	1276321	1276885	0.000	.	Node_17	Node_16	672.674762	45	['mada_105', 'TB3169', 'M0014888_3', 'mada_151', 'mada_129', 'QC-4', 'QC-8', 'QC-10', '02_R1708', '02_R0894', 'mada_139']	1276320	1276602.5	lineage4	Rv1148c	Rv1148c	False	False	True	False	Event_085	565	1	1	1	1
NC_000962.3	GUBBINS	CDS	1276375	1276822	0.000	.	Node_127	Node_113	428.585991	26	['R30215', 'R25048']	1276374	1276598.0	lineage2	Rv1148c	Rv1148c	False	False	True	False	Event_086	448	1	1	1	1
NC_000962.3	GUBBINS	CDS	1276448	1276938	0.000	.	Node_149	RW-TB008	4429.585352	8	['RW-TB008']	1276447	1276692.5	lineage8	Rv1148c	Rv1148c	False	False	True	False	Event_087	491	1	1	1	1
NC_000962.3	GUBBINS	CDS	1276683	1276885	0.000	.	Node_22	mada_1-32	622.337543	29	['mada_1-32']	1276682	1276783.5	lineage4	Rv1148c	Rv1148c	False	False	True	False	Event_088	203	1	1	1	1
NC_000962.3	GUBBINS	CDS	1276771	1276885	0.000	.	Node_68	N0004	951.690133	26	['N0004']	1276770	1276827.5	lineage3	Rv1148c	Rv1148c	False	False	True	False	Event_089	115	1	1	1	1
NC_000962.3	GUBBINS	CDS	1276842	1276885	0.000	.	Node_131	Node_130	1049.498838	14	['18_0621851', 'N0155', 'mada_1-11', 'N0145', 'S0085-01', 'S0089-01', 'S0107-01', 'R29598', 'R24100', 'R28581', 'S0256-08', 'R37765', 'M0003941_3', 'mada_115', 'mada_2-42', 'TB2995', 'TB2512', 'TB2981', '706-05', 'TB3113', 'S0070-08', 'R29816', 'R36431', 'R24120', 'R28703', 'R30234', 'R31095', 'R30078', 'R28012', 'R27657', 'R30215', 'R25048', 'TB2780', 'TB3368', '8129-04', 'TB1236', 'TB2659', 'TB1612', 'TB3396', '4549-04', '696-05', '8651-04', 'TB3091', '702-06', '9050-05', '3003-06']	1276841	1276863.0	lineage2	Rv1148c	Rv1148c	False	False	True	False	Event_090	44	1	1	1	1
NC_000962.3	GUBBINS	CDS	1339399	1339436	0.000	.	Node_36	Node_28	655.459143	4	['M0016395_7', 'R15311']	1339398	1339417.0	lineage4	PPE18	Rv1196	False	True	False	False	Event_091	38	2	1	1	1
NC_000962.3	GUBBINS	CDS	1339432	1339516	0.000	.	Node_114	TB3368	475.291405	6	['TB3368']	1339431	1339473.5	lineage2	PPE18	Rv1196	False	True	False	False	Event_092	85	2	1	1	1
NC_000962.3	GUBBINS	CDS	1339432	1339774	0.000	.	Node_27	Node_5	1536.817046	5	['mada_2-31', 'mada_1-41']	1339431	1339602.5	lineage4	PPE18	Rv1196	False	True	False	False	Event_093	343	2	1	1	1
NC_000962.3	GUBBINS	CDS	1339648	1339806	0.000	.	Node_25	M0017522_5	1625.53345	20	['M0017522_5']	1339647	1339726.5	lineage4	PPE18	Rv1196	False	True	False	False	Event_094	159	2	1	1	1
NC_000962.3	GUBBINS	CDS	1339861	1339905	0.000	.	Node_43	TB3237	688.268204	12	['TB3237']	1339860	1339882.5	lineage4	PPE18	Rv1196	False	True	False	False	Event_095	45	2	1	1	1
NC_000962.3	GUBBINS	CDS	1339894	1340208	0.000	.	Node_17	TB3334	993.431569	8	['TB3334']	1339893	1340050.5	lineage4	PPE18	Rv1196	False	True	False	False	Event_096	315	2	1	1	1
NC_000962.3	GUBBINS	CDS	1339966	1340036	0.000	.	Node_37	01_R1430	622.305357	11	['01_R1430']	1339965	1340000.5	lineage4	PPE18	Rv1196	False	True	False	False	Event_097	71	2	1	1	1
NC_000962.3	GUBBINS	CDS	1340500	1341152	0.000	.	Node_149	RW-TB008	4520.801917	10	['RW-TB008']	1340499	1340825.5	lineage8	PPE18,esxK,esxL	Rv1196,Rv1197,Rv1198	True	True	False	False	Event_098	653	4	1	1	1
NC_000962.3	GUBBINS	CDS	1340657	1341120	0.000	.	Node_59	01_R1134	1656.415569	5	['01_R1134']	1340656	1340888.0	lineage4	esxK,esxL	Rv1197,Rv1198	True	False	False	False	Event_099	464	4	1	1	1
NC_000962.3	GUBBINS	CDS	1340667	1341102	0.000	.	Node_28	M0016395_7	650.777286	4	['M0016395_7']	1340666	1340884.0	lineage4	esxK,esxL	Rv1197,Rv1198	True	False	False	False	Event_100	436	4	1	1	1
NC_000962.3	GUBBINS	CDS	1340688	1340784	0.000	.	Node_44	Node_41	106.644404	4	['mada_103', 'mada_112', 'mada_124', 'S0123-01', 'S0262-02']	1340687	1340735.5	lineage4	esxK	Rv1197	True	False	False	False	Event_101	97	4	1	1	1
NC_000962.3	GUBBINS	CDS	1340916	1341073	0.000	.	Node_46	M0016737_0	1168.490206	6	['M0016737_0']	1340915	1340994.0	lineage4	esxK,esxL	Rv1197,Rv1198	True	False	False	False	Event_102	158	4	1	1	1
NC_000962.3	GUBBINS	CDS	1340974	1341174	0.000	.	Node_137	mada_107	535.665848	15	['mada_107']	1340973	1341073.5	lineage1	esxL	Rv1198	True	False	False	False	Event_103	201	4	1	1	1
NC_000962.3	GUBBINS	CDS	1341023	1341120	0.000	.	Node_70	Node_69	128.129338	4	['QC-3', 'QC-9', 'QC-5', 'N0004', 'mada_1-30']	1341022	1341071.0	lineage3	esxL	Rv1198	True	False	False	False	Event_104	98	4	1	1	1
NC_000962.3	GUBBINS	CDS	1341023	1341295	0.000	.	Node_132	Node_71	1445.39697	5	['N1274', 'N0054', 'QC-3', 'QC-9', 'QC-5', 'N0004', 'mada_1-30']	1341022	1341158.5	lineage3	esxL	Rv1198	True	False	False	False	Event_105	273	4	1	1	1
NC_000962.3	GUBBINS	CDS	1341029	1341120	0.000	.	Node_25	Node_24	677.651945	6	['S0106-01', 'R21770', 'R21839', 'R21363', 'mada_1-32', 'R30396', 'R20896']	1341028	1341074.0	lineage4	esxL	Rv1198	True	False	False	False	Event_106	92	4	1	1	1
NC_000962.3	GUBBINS	CDS	1341032	1341254	0.000	.	Node_144	mada_1-10	1480.500925	4	['mada_1-10']	1341031	1341142.5	lineage1	esxL	Rv1198	True	False	False	False	Event_107	223	4	1	1	1
NC_000962.3	GUBBINS	CDS	1341073	1341120	0.000	.	Node_22	Node_21	757.398642	7	['R30396', 'R20896']	1341072	1341096.0	lineage4	esxL	Rv1198	True	False	False	False	Event_108	48	4	1	1	1
NC_000962.3	GUBBINS	CDS	1481671	1481677	0.000	.	Node_20	R21770	655.668298	5	['R21770']	1481670	1481673.5	lineage4	Rv1319c	Rv1319c	False	False	False	True	Event_109	7	2	1	0	0
NC_000962.3	GUBBINS	CDS	1532656	1532855	0.000	.	Node_28	R15311	568.864078	5	['R15311']	1532655	1532755.0	lineage4	PPE19	Rv1361c	False	True	False	False	Event_110	200	2	1	1	1
NC_000962.3	GUBBINS	CDS	1532656	1532889	0.000	.	Node_97	R37765	661.439122	12	['R37765']	1532655	1532772.0	lineage2	PPE19	Rv1361c	False	True	False	False	Event_111	234	2	1	1	1
NC_000962.3	GUBBINS	CDS	1532911	1533016	0.000	.	Node_135	mada_1-36	450.466003	20	['mada_1-36']	1532910	1532963.0	lineage1	PPE19	Rv1361c	False	True	False	False	Event_112	106	2	1	1	1
NC_000962.3	GUBBINS	CDS	1533159	1533241	0.000	.	Node_26	Node_25	379.338694	5	['M0017522_5', 'S0106-01', 'R21770', 'R21839', 'R21363', 'mada_1-32', 'R30396', 'R20896']	1533158	1533199.5	lineage4	PPE19	Rv1361c	False	True	False	False	Event_113	83	2	1	1	1
NC_000962.3	GUBBINS	CDS	1533327	1533434	0.000	.	Node_30	Node_29	276.408286	4	['TB2661', 'TB3386']	1533326	1533380.0	lineage4	PPE19	Rv1361c	False	True	False	False	Event_114	108	2	1	1	1
NC_000962.3	GUBBINS	CDS	1633632	1634550	0.000	.	Node_50	mada_1-50	178.726517	14	['mada_1-50']	1633631	1634090.5	lineage4	PE_PGRS27	Rv1450c	False	True	False	False	Event_115	919	2	1	1	1
NC_000962.3	GUBBINS	CDS	1633632	1634610	0.000	.	Node_61	Node_46	872.68071	21	['TB4620', 'M0016737_0']	1633631	1634120.5	lineage4	PE_PGRS27	Rv1450c	False	True	False	False	Event_116	979	2	1	1	1
NC_000962.3	GUBBINS	CDS	1633632	1634636	0.000	.	Node_34	M0010874_7	715.415285	15	['M0010874_7']	1633631	1634133.5	lineage4	PE_PGRS27	Rv1450c	False	True	False	False	Event_117	1005	2	1	1	1
NC_000962.3	GUBBINS	CDS	1633653	1633662	0.000	.	Node_27	Node_5	1606.233707	4	['mada_2-31', 'mada_1-41']	1633652	1633657.0	lineage4	PE_PGRS27	Rv1450c	False	True	False	False	Event_118	10	1	1	1	1
NC_000962.3	GUBBINS	CDS	1633678	1633739	0.000	.	Node_3	N1177	1975.243338	17	['N1177']	1633677	1633708.0	lineage6	PE_PGRS27	Rv1450c	False	True	False	False	Event_119	62	1	1	1	1
NC_000962.3	GUBBINS	CDS	1633678	1634592	0.000	.	Node_144	mada_1-10	1741.055566	29	['mada_1-10']	1633677	1634134.5	lineage1	PE_PGRS27	Rv1450c	False	True	False	False	Event_120	915	2	1	1	1
NC_000962.3	GUBBINS	CDS	1633728	1633746	0.000	.	Node_146	N0153	2000.13502	5	['N0153']	1633727	1633736.5	lineage1	PE_PGRS27	Rv1450c	False	True	False	False	Event_121	19	1	1	1	1
NC_000962.3	GUBBINS	CDS	1633744	1634550	0.000	.	Node_4	Node_3	3185.503655	9	['N1177', 'N1202', 'N0091']	1633743	1634146.5	lineage6	PE_PGRS27	Rv1450c	False	True	False	False	Event_122	807	2	1	1	1
NC_000962.3	GUBBINS	CDS	1633908	1634636	0.000	.	Node_149	RW-TB008	4696.668709	18	['RW-TB008']	1633907	1634271.5	lineage8	PE_PGRS27	Rv1450c	False	True	False	False	Event_123	729	2	1	1	1
NC_000962.3	GUBBINS	CDS	1633973	1634539	0.000	.	Node_148	Node_147	2441.487166	7	['R27252', 'R23887', 'N0153', 'N0072', 'mada_1-10', 'mada_118', 'mada_1-36', 'mada_117', 'mada_1-39', 'mada_107', 'mada_2-46', 'mada_1-44', 'mada_1-1', 'mada_1-51', 'mada_122']	1633972	1634255.5	lineage1	PE_PGRS27	Rv1450c	False	True	False	False	Event_124	567	2	1	1	1
NC_000962.3	GUBBINS	CDS	1634418	1634541	0.000	.	Node_133	Node_65	928.403124	4	['mada_2-31', 'mada_1-41', 'MT_0080', 'mada_102', 'TB3334', 'mada_105', 'TB3169', 'M0014888_3', 'mada_151', 'mada_129', 'QC-4', 'QC-8', 'QC-10', '02_R1708', '02_R0894', 'mada_139', 'M0017522_5', 'S0106-01', 'R21770', 'R21839', 'R21363', 'mada_1-32', 'R30396', 'R20896', 'TB3251', 'M0016395_7', 'R15311', '02_R1179', 'TB3162', 'TB2661', 'TB3386', 'M0010874_7', 'QC-7', 'QC-6', 'QC-1', '01_R1430', 'M0011368_9', 'mada_103', 'mada_112', 'mada_124', 'S0123-01', 'S0262-02', '02_R1896', 'mada_2-25', 'TB3237', 'TB4620', 'M0016737_0', 'TB3054', 'mada_126', 'mada_120', '01_R1134', 'mada_1-38', 'TB2968', 'mada_123', 'R23571', 'mada_2-1', 'mada_1-50', 'mada_1-53', 'mada_2-53', 'mada_1-12', 'mada_128', 'mada_1-15']	1634417	1634479.0	lineage4	PE_PGRS27	Rv1450c	False	True	False	False	Event_125	124	2	1	1	1
NC_000962.3	GUBBINS	CDS	1634523	1634610	0.000	.	Node_133	Node_132	391.309957	7	['N1274', 'N0054', 'QC-3', 'QC-9', 'QC-5', 'N0004', 'mada_1-30', 'R21893', 'R30420', 'R32929', 'R26778', 'R23146', 'R28980', 'R21408', 'R20574', 'R20260', 'R26791', 'R27725', 'R18043', 'R18040', 'R27937', 'R22601', '18_0621851', 'N0155', 'mada_1-11', 'N0145', 'S0085-01', 'S0089-01', 'S0107-01', 'R29598', 'R24100', 'R28581', 'S0256-08', 'R37765', 'M0003941_3', 'mada_115', 'mada_2-42', 'TB2995', 'TB2512', 'TB2981', '706-05', 'TB3113', 'S0070-08', 'R29816', 'R36431', 'R24120', 'R28703', 'R30234', 'R31095', 'R30078', 'R28012', 'R27657', 'R30215', 'R25048', 'TB2780', 'TB3368', '8129-04', 'TB1236', 'TB2659', 'TB1612', 'TB3396', '4549-04', '696-05', '8651-04', 'TB3091', '702-06', '9050-05', '3003-06']	1634522	1634566.0	None	PE_PGRS27	Rv1450c	False	True	False	False	Event_126	88	2	1	1	1
NC_000962.3	GUBBINS	CDS	1634523	1634610	0.000	.	Node_146	Node_145	788.083906	9	['N0072', 'mada_1-10', 'mada_118', 'mada_1-36', 'mada_117', 'mada_1-39', 'mada_107', 'mada_2-46', 'mada_1-44', 'mada_1-1', 'mada_1-51', 'mada_122']	1634522	1634566.0	lineage1	PE_PGRS27	Rv1450c	False	True	False	False	Event_127	88	2	1	1	1
NC_000962.3	GUBBINS	CDS	1634523	1634610	0.000	.	Node_22	mada_1-32	553.770759	10	['mada_1-32']	1634522	1634566.0	lineage4	PE_PGRS27	Rv1450c	False	True	False	False	Event_128	88	2	1	1	1
NC_000962.3	GUBBINS	CDS	1634523	1634610	0.000	.	Node_43	TB3237	806.201844	15	['TB3237']	1634522	1634566.0	lineage4	PE_PGRS27	Rv1450c	False	True	False	False	Event_129	88	2	1	1	1
NC_000962.3	GUBBINS	CDS	1634538	1634550	0.000	.	Node_58	mada_1-38	1156.766327	7	['mada_1-38']	1634537	1634543.5	lineage4	PE_PGRS27	Rv1450c	False	True	False	False	Event_130	13	2	1	1	1
NC_000962.3	GUBBINS	CDS	1634538	1634636	0.000	.	Node_59	01_R1134	1777.283237	16	['01_R1134']	1634537	1634586.5	lineage4	PE_PGRS27	Rv1450c	False	True	False	False	Event_131	99	2	1	1	1
NC_000962.3	GUBBINS	CDS	1634580	1634592	0.000	.	Node_132	Node_131	1471.259023	5	['R21893', 'R30420', 'R32929', 'R26778', 'R23146', 'R28980', 'R21408', 'R20574', 'R20260', 'R26791', 'R27725', 'R18043', 'R18040', 'R27937', 'R22601', '18_0621851', 'N0155', 'mada_1-11', 'N0145', 'S0085-01', 'S0089-01', 'S0107-01', 'R29598', 'R24100', 'R28581', 'S0256-08', 'R37765', 'M0003941_3', 'mada_115', 'mada_2-42', 'TB2995', 'TB2512', 'TB2981', '706-05', 'TB3113', 'S0070-08', 'R29816', 'R36431', 'R24120', 'R28703', 'R30234', 'R31095', 'R30078', 'R28012', 'R27657', 'R30215', 'R25048', 'TB2780', 'TB3368', '8129-04', 'TB1236', 'TB2659', 'TB1612', 'TB3396', '4549-04', '696-05', '8651-04', 'TB3091', '702-06', '9050-05', '3003-06']	1634579	1634585.5	lineage2	PE_PGRS27	Rv1450c	False	True	False	False	Event_132	13	1	1	1	1
NC_000962.3	GUBBINS	CDS	1634580	1634592	0.000	.	Node_134	R23887	2066.758984	5	['R23887']	1634579	1634585.5	lineage1	PE_PGRS27	Rv1450c	False	True	False	False	Event_133	13	1	1	1	1
NC_000962.3	GUBBINS	CDS	1636757	1638212	0.000	.	Node_7	M0014888_3	527.835463	47	['M0014888_3']	1636756	1637484.0	lineage4	PE_PGRS28	Rv1452c	False	True	False	False	Event_134	1456	3	1	1	1
NC_000962.3	GUBBINS	CDS	1636826	1637264	0.000	.	Node_36	Node_28	727.673749	18	['M0016395_7', 'R15311']	1636825	1637044.5	lineage4	PE_PGRS28	Rv1452c	False	True	False	False	Event_135	439	1	1	1	1
NC_000962.3	GUBBINS	CDS	1636868	1636881	0.000	.	Node_61	Node_46	806.009966	6	['TB4620', 'M0016737_0']	1636867	1636874.0	lineage4	PE_PGRS28	Rv1452c	False	True	False	False	Event_136	14	1	1	1	1
NC_000962.3	GUBBINS	CDS	1637234	1637264	0.000	.	Node_55	mada_1-15	647.428044	6	['mada_1-15']	1637233	1637248.5	lineage4	PE_PGRS28	Rv1452c	False	True	False	False	Event_137	31	1	1	1	1
NC_000962.3	GUBBINS	CDS	1637249	1637280	0.000	.	Node_134	R23887	2089.694503	6	['R23887']	1637248	1637264.0	lineage1	PE_PGRS28	Rv1452c	False	True	False	False	Event_138	32	1	1	1	1
NC_000962.3	GUBBINS	CDS	1637249	1638194	0.000	.	Node_2	N1202	1615.304898	10	['N1202']	1637248	1637721.0	lineage6	PE_PGRS28	Rv1452c	False	True	False	False	Event_139	946	3	1	1	1
NC_000962.3	GUBBINS	CDS	1637253	1637762	0.000	.	Node_149	RW-TB008	4386.252059	6	['RW-TB008']	1637252	1637507.0	lineage8	PE_PGRS28	Rv1452c	False	True	False	False	Event_140	510	2	1	1	1
NC_000962.3	GUBBINS	CDS	1637255	1637264	0.000	.	Node_57	TB2968	992.932538	4	['TB2968']	1637254	1637259.0	lineage4	PE_PGRS28	Rv1452c	False	True	False	False	Event_141	10	1	1	1	1
NC_000962.3	GUBBINS	CDS	1637255	1637264	0.000	.	Node_58	mada_1-38	1138.882938	4	['mada_1-38']	1637254	1637259.0	lineage4	PE_PGRS28	Rv1452c	False	True	False	False	Event_142	10	1	1	1	1
NC_000962.3	GUBBINS	CDS	1637263	1637294	0.000	.	Node_145	N0072	1394.78565	5	['N0072']	1637262	1637278.0	lineage1	PE_PGRS28	Rv1452c	False	True	False	False	Event_143	32	1	1	1	1
NC_000962.3	GUBBINS	CDS	1637280	1637348	0.000	.	Node_148	Node_133	1771.787036	19	['mada_2-31', 'mada_1-41', 'MT_0080', 'mada_102', 'TB3334', 'mada_105', 'TB3169', 'M0014888_3', 'mada_151', 'mada_129', 'QC-4', 'QC-8', 'QC-10', '02_R1708', '02_R0894', 'mada_139', 'M0017522_5', 'S0106-01', 'R21770', 'R21839', 'R21363', 'mada_1-32', 'R30396', 'R20896', 'TB3251', 'M0016395_7', 'R15311', '02_R1179', 'TB3162', 'TB2661', 'TB3386', 'M0010874_7', 'QC-7', 'QC-6', 'QC-1', '01_R1430', 'M0011368_9', 'mada_103', 'mada_112', 'mada_124', 'S0123-01', 'S0262-02', '02_R1896', 'mada_2-25', 'TB3237', 'TB4620', 'M0016737_0', 'TB3054', 'mada_126', 'mada_120', '01_R1134', 'mada_1-38', 'TB2968', 'mada_123', 'R23571', 'mada_2-1', 'mada_1-50', 'mada_1-53', 'mada_2-53', 'mada_1-12', 'mada_128', 'mada_1-15', 'N1274', 'N0054', 'QC-3', 'QC-9', 'QC-5', 'N0004', 'mada_1-30', 'R21893', 'R30420', 'R32929', 'R26778', 'R23146', 'R28980', 'R21408', 'R20574', 'R20260', 'R26791', 'R27725', 'R18043', 'R18040', 'R27937', 'R22601', '18_0621851', 'N0155', 'mada_1-11', 'N0145', 'S0085-01', 'S0089-01', 'S0107-01', 'R29598', 'R24100', 'R28581', 'S0256-08', 'R37765', 'M0003941_3', 'mada_115', 'mada_2-42', 'TB2995', 'TB2512', 'TB2981', '706-05', 'TB3113', 'S0070-08', 'R29816', 'R36431', 'R24120', 'R28703', 'R30234', 'R31095', 'R30078', 'R28012', 'R27657', 'R30215', 'R25048', 'TB2780', 'TB3368', '8129-04', 'TB1236', 'TB2659', 'TB1612', 'TB3396', '4549-04', '696-05', '8651-04', 'TB3091', '702-06', '9050-05', '3003-06']	1637279	1637313.5	None	PE_PGRS28	Rv1452c	False	True	False	False	Event_144	69	1	1	1	1
NC_000962.3	GUBBINS	CDS	1637339	1637348	0.000	.	Node_138	mada_1-51	435.671137	4	['mada_1-51']	1637338	1637343.0	lineage1	PE_PGRS28	Rv1452c	False	True	False	False	Event_145	10	1	1	1	1
NC_000962.3	GUBBINS	CDS	1637575	1637762	0.000	.	Node_147	Node_134	565.642809	6	['R27252', 'R23887']	1637574	1637668.0	lineage1	PE_PGRS28	Rv1452c	False	True	False	False	Event_146	188	2	1	1	1
NC_000962.3	GUBBINS	CDS	1638125	1638152	0.000	.	Node_36	Node_35	629.871001	8	['02_R1179', 'TB3162', 'TB2661', 'TB3386', 'M0010874_7', 'QC-7', 'QC-6', 'QC-1']	1638124	1638138.0	lineage4	PE_PGRS28	Rv1452c	False	True	False	False	Event_147	28	2	1	1	1
NC_000962.3	GUBBINS	CDS	1638125	1638212	0.000	.	Node_27	Node_5	1657.926252	10	['mada_2-31', 'mada_1-41']	1638124	1638168.0	lineage4	PE_PGRS28	Rv1452c	False	True	False	False	Event_148	88	2	1	1	1
NC_000962.3	GUBBINS	CDS	1638125	1638212	0.000	.	Node_54	mada_128	663.446695	10	['mada_128']	1638124	1638168.0	lineage4	PE_PGRS28	Rv1452c	False	True	False	False	Event_149	88	2	1	1	1
NC_000962.3	GUBBINS	CDS	1638125	1638212	0.000	.	Node_6	MT_0080	899.261768	10	['MT_0080']	1638124	1638168.0	lineage4	PE_PGRS28	Rv1452c	False	True	False	False	Event_150	88	2	1	1	1
NC_000962.3	GUBBINS	CDS	1638125	1638212	0.000	.	Node_64	TB3251	2258.52593	15	['TB3251']	1638124	1638168.0	lineage4	PE_PGRS28	Rv1452c	False	True	False	False	Event_151	88	2	1	1	1
NC_000962.3	GUBBINS	CDS	1638182	1638194	0.000	.	Node_132	Node_71	1496.06995	5	['N1274', 'N0054', 'QC-3', 'QC-9', 'QC-5', 'N0004', 'mada_1-30']	1638181	1638187.5	lineage3	PE_PGRS28	Rv1452c	False	True	False	False	Event_152	13	2	1	1	1
NC_000962.3	GUBBINS	CDS	1638182	1638194	0.000	.	Node_45	Node_37	427.074221	5	['01_R1430', 'M0011368_9']	1638181	1638187.5	lineage4	PE_PGRS28	Rv1452c	False	True	False	False	Event_153	13	2	1	1	1
NC_000962.3	GUBBINS	CDS	1638182	1638238	0.000	.	Node_143	mada_118	1310.235435	7	['mada_118']	1638181	1638209.5	lineage1	PE_PGRS28	Rv1452c	False	True	False	False	Event_154	57	2	1	1	1
NC_000962.3	GUBBINS	CDS	1788613	1788664	0.000	.	Node_68	N0004	856.749635	4	['N0004']	1788612	1788638.0	lineage3	Rv1587c	Rv1587c	False	False	True	False	Event_155	52	2	1	1	1
NC_000962.3	GUBBINS	CDS	1788726	1789545	0.000	.	Node_135	mada_1-36	386.158624	16	['mada_1-36']	1788725	1789135.0	lineage1	Rv1587c,Rv1588c	Rv1587c,Rv1588c	False	False	True	False	Event_156	820	2	1	1	1
NC_000962.3	GUBBINS	CDS	1789446	1789654	0.000	.	Node_96	Node_95	370.144639	4	['mada_115', 'mada_2-42']	1789445	1789549.5	lineage2	Rv1588c	Rv1588c	False	False	True	False	Event_157	209	2	1	1	1
NC_000962.3	GUBBINS	CDS	1789446	1789678	0.000	.	Node_2	N1202	1648.727133	9	['N1202']	1789445	1789561.5	lineage6	Rv1588c	Rv1588c	False	False	True	False	Event_158	233	2	1	1	1
NC_000962.3	GUBBINS	CDS	1789446	1789678	0.000	.	Node_26	Node_18	496.471515	9	['MT_0080', 'mada_102', 'TB3334', 'mada_105', 'TB3169', 'M0014888_3', 'mada_151', 'mada_129', 'QC-4', 'QC-8', 'QC-10', '02_R1708', '02_R0894', 'mada_139']	1789445	1789561.5	lineage4	Rv1588c	Rv1588c	False	False	True	False	Event_159	233	2	1	1	1
NC_000962.3	GUBBINS	CDS	1789552	1789798	0.000	.	Node_62	Node_45	886.448335	7	['01_R1430', 'M0011368_9', 'mada_103', 'mada_112', 'mada_124', 'S0123-01', 'S0262-02', '02_R1896', 'mada_2-25', 'TB3237']	1789551	1789674.5	lineage4	Rv1588c	Rv1588c	False	False	True	False	Event_160	247	2	1	1	1
NC_000962.3	GUBBINS	CDS	1789565	1789671	0.000	.	Node_48	TB3054	1143.577344	4	['TB3054']	1789564	1789617.5	lineage4	Rv1588c	Rv1588c	False	False	True	False	Event_161	107	2	1	1	1
NC_000962.3	GUBBINS	CDS	1789573	1789798	0.000	.	Node_147	Node_146	277.586211	7	['N0153', 'N0072', 'mada_1-10', 'mada_118', 'mada_1-36', 'mada_117', 'mada_1-39', 'mada_107', 'mada_2-46', 'mada_1-44', 'mada_1-1', 'mada_1-51', 'mada_122']	1789572	1789685.0	lineage1	Rv1588c	Rv1588c	False	False	True	False	Event_162	226	2	1	1	1
NC_000962.3	GUBBINS	CDS	1789650	1789766	0.000	.	Node_59	Node_58	564.377207	6	['mada_1-38', 'TB2968', 'mada_123', 'R23571', 'mada_2-1', 'mada_1-50', 'mada_1-53', 'mada_2-53', 'mada_1-12', 'mada_128', 'mada_1-15']	1789649	1789707.5	lineage4	Rv1588c	Rv1588c	False	False	True	False	Event_163	117	2	1	1	1
NC_000962.3	GUBBINS	CDS	1789676	1789697	0.000	.	Node_27	Node_5	1566.962559	4	['mada_2-31', 'mada_1-41']	1789675	1789686.0	lineage4	Rv1588c	Rv1588c	False	False	True	False	Event_164	22	2	1	1	1
NC_000962.3	GUBBINS	CDS	2025900	2026033	0.000	.	Node_54	mada_1-12	635.877526	8	['mada_1-12']	2025899	2025966.0	lineage4	PPE25	Rv1787	False	True	False	False	Event_165	134	1	1	1	1
NC_000962.3	GUBBINS	CDS	2025900	2026110	0.000	.	Node_63	Node_36	747.080238	9	['M0016395_7', 'R15311', '02_R1179', 'TB3162', 'TB2661', 'TB3386', 'M0010874_7', 'QC-7', 'QC-6', 'QC-1']	2025899	2026004.5	lineage4	PPE25	Rv1787	False	True	False	False	Event_166	211	1	1	1	1
NC_000962.3	GUBBINS	CDS	2028975	2028993	0.000	.	Node_22	Node_21	712.692243	4	['R30396', 'R20896']	2028974	2028983.5	lineage4	PPE27	Rv1790	False	True	False	False	Event_167	19	1	1	1	1
NC_000962.3	GUBBINS	CDS	2028975	2029189	0.000	.	Node_7	mada_151	403.68225	4	['mada_151']	2028974	2029081.5	lineage4	PPE27	Rv1790	False	True	False	False	Event_168	215	1	1	1	1
NC_000962.3	GUBBINS	CDS	2029087	2029112	0.000	.	Node_48	Node_47	1556.188485	6	['mada_126', 'mada_120']	2029086	2029099.0	lineage4	PPE27	Rv1790	False	True	False	False	Event_169	26	1	1	1	1
NC_000962.3	GUBBINS	CDS	2029087	2029112	0.000	.	Node_52	Node_51	324.026584	6	['mada_2-1', 'mada_1-50', 'mada_1-53', 'mada_2-53']	2029086	2029099.0	lineage4	PPE27	Rv1790	False	True	False	False	Event_170	26	1	1	1	1
NC_000962.3	GUBBINS	CDS	2030487	2030521	0.000	.	Node_148	Node_133	1621.156987	4	['mada_2-31', 'mada_1-41', 'MT_0080', 'mada_102', 'TB3334', 'mada_105', 'TB3169', 'M0014888_3', 'mada_151', 'mada_129', 'QC-4', 'QC-8', 'QC-10', '02_R1708', '02_R0894', 'mada_139', 'M0017522_5', 'S0106-01', 'R21770', 'R21839', 'R21363', 'mada_1-32', 'R30396', 'R20896', 'TB3251', 'M0016395_7', 'R15311', '02_R1179', 'TB3162', 'TB2661', 'TB3386', 'M0010874_7', 'QC-7', 'QC-6', 'QC-1', '01_R1430', 'M0011368_9', 'mada_103', 'mada_112', 'mada_124', 'S0123-01', 'S0262-02', '02_R1896', 'mada_2-25', 'TB3237', 'TB4620', 'M0016737_0', 'TB3054', 'mada_126', 'mada_120', '01_R1134', 'mada_1-38', 'TB2968', 'mada_123', 'R23571', 'mada_2-1', 'mada_1-50', 'mada_1-53', 'mada_2-53', 'mada_1-12', 'mada_128', 'mada_1-15', 'N1274', 'N0054', 'QC-3', 'QC-9', 'QC-5', 'N0004', 'mada_1-30', 'R21893', 'R30420', 'R32929', 'R26778', 'R23146', 'R28980', 'R21408', 'R20574', 'R20260', 'R26791', 'R27725', 'R18043', 'R18040', 'R27937', 'R22601', '18_0621851', 'N0155', 'mada_1-11', 'N0145', 'S0085-01', 'S0089-01', 'S0107-01', 'R29598', 'R24100', 'R28581', 'S0256-08', 'R37765', 'M0003941_3', 'mada_115', 'mada_2-42', 'TB2995', 'TB2512', 'TB2981', '706-05', 'TB3113', 'S0070-08', 'R29816', 'R36431', 'R24120', 'R28703', 'R30234', 'R31095', 'R30078', 'R28012', 'R27657', 'R30215', 'R25048', 'TB2780', 'TB3368', '8129-04', 'TB1236', 'TB2659', 'TB1612', 'TB3396', '4549-04', '696-05', '8651-04', 'TB3091', '702-06', '9050-05', '3003-06']	2030486	2030503.5	None	esxM	Rv1792	True	False	False	False	Event_171	35	4	1	1	1
NC_000962.3	GUBBINS	CDS	2030518	2030765	0.000	.	Node_64	TB3251	2065.037007	7	['TB3251']	2030517	2030641.0	lineage4	esxM,esxN	Rv1792,Rv1793	True	False	False	False	Event_172	248	4	1	1	1
NC_000962.3	GUBBINS	CDS	2030604	2030848	0.000	.	Node_24	S0106-01	616.730224	6	['S0106-01']	2030603	2030725.5	lineage4	esxM,esxN	Rv1792,Rv1793	True	False	False	False	Event_173	245	4	1	1	1
NC_000962.3	GUBBINS	CDS	2030756	2030765	0.000	.	Node_46	M0016737_0	1143.143007	4	['M0016737_0']	2030755	2030760.0	lineage4	esxN	Rv1793	True	False	False	False	Event_174	10	4	1	1	1
NC_000962.3	GUBBINS	CDS	2163400	2163504	0.000	.	Node_146	N0153	1965.522075	6	['N0153']	2163399	2163451.5	lineage1	PPE34	Rv1917c	False	True	False	False	Event_175	105	2	1	0	0
NC_000962.3	GUBBINS	CDS	2163412	2163421	0.000	.	Node_113	R25048	69.097423	5	['R25048']	2163411	2163416.0	lineage2	PPE34	Rv1917c	False	True	False	False	Event_176	10	2	1	0	0
NC_000962.3	GUBBINS	CDS	2163412	2163421	0.000	.	Node_28	M0016395_7	661.702271	5	['M0016395_7']	2163411	2163416.0	lineage4	PPE34	Rv1917c	False	True	False	False	Event_177	10	2	1	0	0
NC_000962.3	GUBBINS	CDS	2163412	2163421	0.000	.	Node_46	M0016737_0	1185.648262	5	['M0016737_0']	2163411	2163416.0	lineage4	PPE34	Rv1917c	False	True	False	False	Event_178	10	2	1	0	0
NC_000962.3	GUBBINS	CDS	2163412	2163421	0.000	.	Node_71	N1274	1433.112624	5	['N1274']	2163411	2163416.0	lineage3	PPE34	Rv1917c	False	True	False	False	Event_179	10	2	1	0	0
NC_000962.3	GUBBINS	CDS	2163412	2163444	0.000	.	Node_35	Node_31	164.394631	6	['02_R1179', 'TB3162', 'TB2661', 'TB3386']	2163411	2163427.5	lineage4	PPE34	Rv1917c	False	True	False	False	Event_180	33	2	1	0	0
NC_000962.3	GUBBINS	CDS	2163481	2163520	0.000	.	Node_48	Node_47	1585.308265	12	['mada_126', 'mada_120']	2163480	2163500.0	lineage4	PPE34	Rv1917c	False	True	False	False	Event_181	40	2	1	0	0
NC_000962.3	GUBBINS	CDS	2165857	2165896	0.000	.	Node_116	Node_115	319.761846	16	['TB1236', 'TB2659']	2165856	2165876.0	lineage2	PPE34	Rv1917c	False	True	False	False	Event_182	40	1	1	0	0
NC_000962.3	GUBBINS	CDS	2196715	2196970	0.000	.	Node_147	Node_134	658.305903	30	['R27252', 'R23887']	2196714	2196842.0	lineage1	Rv1945	Rv1945	False	False	True	False	Event_183	256	1	1	1	1
NC_000962.3	GUBBINS	CDS	2196715	2196970	0.000	.	Node_6	mada_102	788.896496	4	['mada_102']	2196714	2196842.0	lineage4	Rv1945	Rv1945	False	False	True	False	Event_184	256	1	1	1	1
NC_000962.3	GUBBINS	CDS	2196715	2197278	0.000	.	Node_36	Node_28	821.260882	26	['M0016395_7', 'R15311']	2196714	2196996.0	lineage4	Rv1945	Rv1945	False	False	True	False	Event_185	564	1	1	1	1
NC_000962.3	GUBBINS	CDS	2196715	2197332	0.000	.	Node_25	M0017522_5	1387.009995	13	['M0017522_5']	2196714	2197023.0	lineage4	Rv1945	Rv1945	False	False	True	False	Event_186	618	1	1	1	1
NC_000962.3	GUBBINS	CDS	2196768	2196970	0.000	.	Node_138	mada_1-1	645.173758	29	['mada_1-1']	2196767	2196868.5	lineage1	Rv1945	Rv1945	False	False	True	False	Event_187	203	1	1	1	1
NC_000962.3	GUBBINS	CDS	2196768	2197041	0.000	.	Node_149	RW-TB008	4899.345988	32	['RW-TB008']	2196767	2196904.0	lineage8	Rv1945	Rv1945	False	False	True	False	Event_188	274	1	1	1	1
NC_000962.3	GUBBINS	CDS	2196831	2196970	0.000	.	Node_112	Node_102	434.715472	15	['TB2995', 'TB2512', 'TB2981', '706-05', 'TB3113']	2196830	2196900.0	lineage2	Rv1945	Rv1945	False	False	True	False	Event_189	140	1	1	1	1
NC_000962.3	GUBBINS	CDS	2197230	2197260	0.000	.	Node_144	mada_1-10	1531.343962	5	['mada_1-10']	2197229	2197244.5	lineage1	Rv1945	Rv1945	False	False	True	False	Event_190	31	1	1	1	1
NC_000962.3	GUBBINS	CDS	2197230	2197293	0.000	.	Node_134	R23887	2200.484084	14	['R23887']	2197229	2197261.0	lineage1	Rv1945	Rv1945	False	False	True	False	Event_191	64	1	1	1	1
NC_000962.3	GUBBINS	CDS	2197230	2197293	0.000	.	Node_4	Node_1	3493.046903	14	['N1272', 'N1176']	2197229	2197261.0	lineage5	Rv1945	Rv1945	False	False	True	False	Event_192	64	1	1	1	1
NC_000962.3	GUBBINS	CDS	2197287	2197313	0.000	.	Node_30	TB3162	347.134245	4	['TB3162']	2197286	2197299.5	lineage4	Rv1945	Rv1945	False	False	True	False	Event_193	27	1	1	1	1
NC_000962.3	GUBBINS	CDS	2296425	2296457	0.000	.	Node_1	N1272	1071.75799	9	['N1272']	2296424	2296440.5	lineage5	pks12	Rv2048c	False	False	False	True	Event_194	33	1	1	1	1
NC_000962.3	GUBBINS	CDS	2296425	2296473	0.000	.	Node_43	TB3237	743.119874	13	['TB3237']	2296424	2296448.5	lineage4	pks12	Rv2048c	False	False	False	True	Event_195	49	1	1	1	1
NC_000962.3	GUBBINS	CDS	2300403	2300452	0.000	.	Node_42	02_R1896	764.59741	11	['02_R1896']	2300402	2300427.0	lineage4	pks12	Rv2048c	False	False	False	True	Event_196	50	2	1	1	1
NC_000962.3	GUBBINS	CDS	2300403	2300555	0.000	.	Node_27	Node_5	1705.517079	14	['mada_2-31', 'mada_1-41']	2300402	2300478.5	lineage4	pks12	Rv2048c	False	False	False	True	Event_197	153	2	1	1	1
NC_000962.3	GUBBINS	CDS	2301782	2302132	0.000	.	Node_1	N1272	995.397454	4	['N1272']	2301781	2301956.5	lineage5	pks12	Rv2048c	False	False	False	True	Event_198	351	1	1	1	1
NC_000962.3	GUBBINS	CDS	2301782	2302132	0.000	.	Node_27	Node_5	1516.243064	5	['mada_2-31', 'mada_1-41']	2301781	2301956.5	lineage4	pks12	Rv2048c	False	False	False	True	Event_199	351	1	1	1	1
NC_000962.3	GUBBINS	CDS	2301782	2302132	0.000	.	Node_45	Node_37	414.061034	4	['01_R1430', 'M0011368_9']	2301781	2301956.5	lineage4	pks12	Rv2048c	False	False	False	True	Event_200	351	1	1	1	1
NC_000962.3	GUBBINS	CDS	2338768	2338994	0.000	.	Node_149	RW-TB008	4468.693807	7	['RW-TB008']	2338767	2338880.5	lineage8	Rv2082	Rv2082	False	False	False	True	Event_201	227	0	0	0	0
NC_000962.3	GUBBINS	CDS	2338768	2338994	0.000	.	Node_25	Node_24	708.633695	7	['S0106-01', 'R21770', 'R21839', 'R21363', 'mada_1-32', 'R30396', 'R20896']	2338767	2338880.5	lineage4	Rv2082	Rv2082	False	False	False	True	Event_202	227	0	0	0	0
NC_000962.3	GUBBINS	CDS	2338768	2338994	0.000	.	Node_64	TB3251	2039.370216	6	['TB3251']	2338767	2338880.5	lineage4	Rv2082	Rv2082	False	False	False	True	Event_203	227	0	0	0	0
NC_000962.3	GUBBINS	CDS	2338773	2338994	0.000	.	Node_4	Node_1	3434.617912	6	['N1272', 'N1176']	2338772	2338883.0	lineage5	Rv2082	Rv2082	False	False	False	True	Event_204	222	0	0	0	0
NC_000962.3	GUBBINS	CDS	2339719	2339726	0.000	.	Node_148	Node_133	1650.581593	4	['mada_2-31', 'mada_1-41', 'MT_0080', 'mada_102', 'TB3334', 'mada_105', 'TB3169', 'M0014888_3', 'mada_151', 'mada_129', 'QC-4', 'QC-8', 'QC-10', '02_R1708', '02_R0894', 'mada_139', 'M0017522_5', 'S0106-01', 'R21770', 'R21839', 'R21363', 'mada_1-32', 'R30396', 'R20896', 'TB3251', 'M0016395_7', 'R15311', '02_R1179', 'TB3162', 'TB2661', 'TB3386', 'M0010874_7', 'QC-7', 'QC-6', 'QC-1', '01_R1430', 'M0011368_9', 'mada_103', 'mada_112', 'mada_124', 'S0123-01', 'S0262-02', '02_R1896', 'mada_2-25', 'TB3237', 'TB4620', 'M0016737_0', 'TB3054', 'mada_126', 'mada_120', '01_R1134', 'mada_1-38', 'TB2968', 'mada_123', 'R23571', 'mada_2-1', 'mada_1-50', 'mada_1-53', 'mada_2-53', 'mada_1-12', 'mada_128', 'mada_1-15', 'N1274', 'N0054', 'QC-3', 'QC-9', 'QC-5', 'N0004', 'mada_1-30', 'R21893', 'R30420', 'R32929', 'R26778', 'R23146', 'R28980', 'R21408', 'R20574', 'R20260', 'R26791', 'R27725', 'R18043', 'R18040', 'R27937', 'R22601', '18_0621851', 'N0155', 'mada_1-11', 'N0145', 'S0085-01', 'S0089-01', 'S0107-01', 'R29598', 'R24100', 'R28581', 'S0256-08', 'R37765', 'M0003941_3', 'mada_115', 'mada_2-42', 'TB2995', 'TB2512', 'TB2981', '706-05', 'TB3113', 'S0070-08', 'R29816', 'R36431', 'R24120', 'R28703', 'R30234', 'R31095', 'R30078', 'R28012', 'R27657', 'R30215', 'R25048', 'TB2780', 'TB3368', '8129-04', 'TB1236', 'TB2659', 'TB1612', 'TB3396', '4549-04', '696-05', '8651-04', 'TB3091', '702-06', '9050-05', '3003-06']	2339718	2339722.0	None	Rv2082	Rv2082	False	False	False	True	Event_205	8	0	0	0	0
NC_000962.3	GUBBINS	CDS	2439204	2439460	0.000	.	Node_19	R21839	238.08345	4	['R21839']	2439203	2439331.5	lineage4	Rv2177c	Rv2177c	False	False	False	True	Event_206	257	1	1	1	1
NC_000962.3	GUBBINS	CDS	2439401	2439519	0.000	.	Node_7	mada_151	440.570661	4	['mada_151']	2439400	2439459.5	lineage4	Rv2177c	Rv2177c	False	False	False	True	Event_207	119	1	1	1	1
NC_000962.3	GUBBINS	CDS	2626004	2626204	0.000	.	Node_138	mada_1-1	528.465906	9	['mada_1-1']	2626003	2626103.5	lineage1	esxO	Rv2346c	True	False	False	False	Event_208	201	4	1	1	1
NC_000962.3	GUBBINS	CDS	2626004	2626600	0.000	.	Node_149	RW-TB008	4814.594574	24	['RW-TB008']	2626003	2626301.5	lineage8	esxO,esxP	Rv2346c,Rv2347c	True	False	False	False	Event_209	597	4	1	1	1
NC_000962.3	GUBBINS	CDS	2626105	2626348	0.000	.	Node_148	Node_133	1678.604249	7	['mada_2-31', 'mada_1-41', 'MT_0080', 'mada_102', 'TB3334', 'mada_105', 'TB3169', 'M0014888_3', 'mada_151', 'mada_129', 'QC-4', 'QC-8', 'QC-10', '02_R1708', '02_R0894', 'mada_139', 'M0017522_5', 'S0106-01', 'R21770', 'R21839', 'R21363', 'mada_1-32', 'R30396', 'R20896', 'TB3251', 'M0016395_7', 'R15311', '02_R1179', 'TB3162', 'TB2661', 'TB3386', 'M0010874_7', 'QC-7', 'QC-6', 'QC-1', '01_R1430', 'M0011368_9', 'mada_103', 'mada_112', 'mada_124', 'S0123-01', 'S0262-02', '02_R1896', 'mada_2-25', 'TB3237', 'TB4620', 'M0016737_0', 'TB3054', 'mada_126', 'mada_120', '01_R1134', 'mada_1-38', 'TB2968', 'mada_123', 'R23571', 'mada_2-1', 'mada_1-50', 'mada_1-53', 'mada_2-53', 'mada_1-12', 'mada_128', 'mada_1-15', 'N1274', 'N0054', 'QC-3', 'QC-9', 'QC-5', 'N0004', 'mada_1-30', 'R21893', 'R30420', 'R32929', 'R26778', 'R23146', 'R28980', 'R21408', 'R20574', 'R20260', 'R26791', 'R27725', 'R18043', 'R18040', 'R27937', 'R22601', '18_0621851', 'N0155', 'mada_1-11', 'N0145', 'S0085-01', 'S0089-01', 'S0107-01', 'R29598', 'R24100', 'R28581', 'S0256-08', 'R37765', 'M0003941_3', 'mada_115', 'mada_2-42', 'TB2995', 'TB2512', 'TB2981', '706-05', 'TB3113', 'S0070-08', 'R29816', 'R36431', 'R24120', 'R28703', 'R30234', 'R31095', 'R30078', 'R28012', 'R27657', 'R30215', 'R25048', 'TB2780', 'TB3368', '8129-04', 'TB1236', 'TB2659', 'TB1612', 'TB3396', '4549-04', '696-05', '8651-04', 'TB3091', '702-06', '9050-05', '3003-06']	2626104	2626226.0	None	esxO,esxP	Rv2346c,Rv2347c	True	False	False	False	Event_210	244	4	1	1	1
NC_000962.3	GUBBINS	CDS	2626138	2626678	0.000	.	Node_140	mada_1-39	931.483084	14	['mada_1-39']	2626137	2626407.5	lineage1	esxO,esxP,Rv2348c	Rv2346c,Rv2347c,Rv2348c	True	False	False	False	Event_211	541	4	1	1	1
NC_000962.3	GUBBINS	CDS	2626149	2626600	0.000	.	Node_131	Node_85	1304.587733	5	['R21893', 'R30420', 'R32929', 'R26778', 'R23146', 'R28980', 'R21408', 'R20574', 'R20260', 'R26791', 'R27725', 'R18043', 'R18040', 'R27937', 'R22601']	2626148	2626374.0	lineage2	esxO,esxP	Rv2346c,Rv2347c	True	False	False	False	Event_212	452	4	1	1	1
NC_000962.3	GUBBINS	CDS	2626511	2626521	0.000	.	Node_2	N1202	1577.746833	4	['N1202']	2626510	2626515.5	lineage6	esxP	Rv2347c	True	False	False	False	Event_213	11	3	1	1	1
NC_000962.3	GUBBINS	CDS	2626511	2626521	0.000	.	Node_58	mada_1-38	1122.063122	4	['mada_1-38']	2626510	2626515.5	lineage4	esxP	Rv2347c	True	False	False	False	Event_214	11	3	1	1	1
NC_000962.3	GUBBINS	CDS	2626511	2626600	0.000	.	Node_43	TB3237	647.990776	4	['TB3237']	2626510	2626555.0	lineage4	esxP	Rv2347c	True	False	False	False	Event_215	90	3	1	1	1
NC_000962.3	GUBBINS	CDS	2626513	2626678	0.000	.	Node_12	Node_11	488.115642	4	['QC-4', 'QC-8', 'QC-10']	2626512	2626595.0	lineage4	esxP,Rv2348c	Rv2347c,Rv2348c	True	False	False	False	Event_216	166	3	1	1	1
NC_000962.3	GUBBINS	CDS	2626513	2626678	0.000	.	Node_7	mada_151	422.237197	4	['mada_151']	2626512	2626595.0	lineage4	esxP,Rv2348c	Rv2347c,Rv2348c	True	False	False	False	Event_217	166	3	1	1	1
NC_000962.3	GUBBINS	CDS	2720895	2721013	0.000	.	Node_36	Node_28	616.652639	4	['M0016395_7', 'R15311']	2720894	2720953.5	lineage4	Rv2424c	Rv2424c	False	False	False	True	Event_218	119	1	1	1	1
NC_000962.3	GUBBINS	CDS	2866551	2866647	0.000	.	Node_144	mada_1-10	1555.802567	6	['mada_1-10']	2866550	2866598.5	lineage1	lppA	Rv2543	False	False	False	True	Event_219	97	1	1	1	1
NC_000962.3	GUBBINS	CDS	2866607	2867756	0.000	.	Node_132	Node_131	1451.162781	10	['R21893', 'R30420', 'R32929', 'R26778', 'R23146', 'R28980', 'R21408', 'R20574', 'R20260', 'R26791', 'R27725', 'R18043', 'R18040', 'R27937', 'R22601', '18_0621851', 'N0155', 'mada_1-11', 'N0145', 'S0085-01', 'S0089-01', 'S0107-01', 'R29598', 'R24100', 'R28581', 'S0256-08', 'R37765', 'M0003941_3', 'mada_115', 'mada_2-42', 'TB2995', 'TB2512', 'TB2981', '706-05', 'TB3113', 'S0070-08', 'R29816', 'R36431', 'R24120', 'R28703', 'R30234', 'R31095', 'R30078', 'R28012', 'R27657', 'R30215', 'R25048', 'TB2780', 'TB3368', '8129-04', 'TB1236', 'TB2659', 'TB1612', 'TB3396', '4549-04', '696-05', '8651-04', 'TB3091', '702-06', '9050-05', '3003-06']	2866606	2867181.0	lineage2	lppA,lppB	Rv2543,Rv2544	False	False	False	True	Event_220	1150	2	1	2	1
NC_000962.3	GUBBINS	CDS	2867207	2867263	0.000	.	Node_133	Node_132	424.784506	9	['N1274', 'N0054', 'QC-3', 'QC-9', 'QC-5', 'N0004', 'mada_1-30', 'R21893', 'R30420', 'R32929', 'R26778', 'R23146', 'R28980', 'R21408', 'R20574', 'R20260', 'R26791', 'R27725', 'R18043', 'R18040', 'R27937', 'R22601', '18_0621851', 'N0155', 'mada_1-11', 'N0145', 'S0085-01', 'S0089-01', 'S0107-01', 'R29598', 'R24100', 'R28581', 'S0256-08', 'R37765', 'M0003941_3', 'mada_115', 'mada_2-42', 'TB2995', 'TB2512', 'TB2981', '706-05', 'TB3113', 'S0070-08', 'R29816', 'R36431', 'R24120', 'R28703', 'R30234', 'R31095', 'R30078', 'R28012', 'R27657', 'R30215', 'R25048', 'TB2780', 'TB3368', '8129-04', 'TB1236', 'TB2659', 'TB1612', 'TB3396', '4549-04', '696-05', '8651-04', 'TB3091', '702-06', '9050-05', '3003-06']	2867206	2867234.5	None	lppB	Rv2544	False	False	False	True	Event_221	57	1	1	1	1
NC_000962.3	GUBBINS	CDS	2867207	2867762	0.000	.	Node_145	N0072	1448.452075	21	['N0072']	2867206	2867484.0	lineage1	lppB	Rv2544	False	False	False	True	Event_222	556	1	1	1	1
NC_000962.3	GUBBINS	CDS	2923106	2923119	0.000	.	Node_149	RW-TB008	4538.128904	5	['RW-TB008']	2923105	2923112.0	lineage8	PE_PGRS44	Rv2591	False	True	False	False	Event_223	14	0	0	0	0
NC_000962.3	GUBBINS	CDS	2944739	2944857	0.000	.	Node_130	18_0621851	593.835632	4	['18_0621851']	2944738	2944797.5	lineage2	PE_PGRS45	Rv2615c	False	True	False	False	Event_224	119	2	1	1	1
NC_000962.3	GUBBINS	CDS	3059791	3059822	0.000	.	Node_132	Node_71	1460.480863	4	['N1274', 'N0054', 'QC-3', 'QC-9', 'QC-5', 'N0004', 'mada_1-30']	3059790	3059806.0	lineage3	None	None	False	False	False	True	Event_225	32	0	0	0	0
NC_000962.3	GUBBINS	CDS	3119926	3119939	0.000	.	Node_33	Node_32	124.786359	7	['QC-6', 'QC-1']	3119925	3119932.0	lineage4	None	None	False	False	False	True	Event_226	14	16	1	1	1
NC_000962.3	GUBBINS	CDS	3132956	3132975	0.000	.	Node_148	Node_133	1698.102714	5	['mada_2-31', 'mada_1-41', 'MT_0080', 'mada_102', 'TB3334', 'mada_105', 'TB3169', 'M0014888_3', 'mada_151', 'mada_129', 'QC-4', 'QC-8', 'QC-10', '02_R1708', '02_R0894', 'mada_139', 'M0017522_5', 'S0106-01', 'R21770', 'R21839', 'R21363', 'mada_1-32', 'R30396', 'R20896', 'TB3251', 'M0016395_7', 'R15311', '02_R1179', 'TB3162', 'TB2661', 'TB3386', 'M0010874_7', 'QC-7', 'QC-6', 'QC-1', '01_R1430', 'M0011368_9', 'mada_103', 'mada_112', 'mada_124', 'S0123-01', 'S0262-02', '02_R1896', 'mada_2-25', 'TB3237', 'TB4620', 'M0016737_0', 'TB3054', 'mada_126', 'mada_120', '01_R1134', 'mada_1-38', 'TB2968', 'mada_123', 'R23571', 'mada_2-1', 'mada_1-50', 'mada_1-53', 'mada_2-53', 'mada_1-12', 'mada_128', 'mada_1-15', 'N1274', 'N0054', 'QC-3', 'QC-9', 'QC-5', 'N0004', 'mada_1-30', 'R21893', 'R30420', 'R32929', 'R26778', 'R23146', 'R28980', 'R21408', 'R20574', 'R20260', 'R26791', 'R27725', 'R18043', 'R18040', 'R27937', 'R22601', '18_0621851', 'N0155', 'mada_1-11', 'N0145', 'S0085-01', 'S0089-01', 'S0107-01', 'R29598', 'R24100', 'R28581', 'S0256-08', 'R37765', 'M0003941_3', 'mada_115', 'mada_2-42', 'TB2995', 'TB2512', 'TB2981', '706-05', 'TB3113', 'S0070-08', 'R29816', 'R36431', 'R24120', 'R28703', 'R30234', 'R31095', 'R30078', 'R28012', 'R27657', 'R30215', 'R25048', 'TB2780', 'TB3368', '8129-04', 'TB1236', 'TB2659', 'TB1612', 'TB3396', '4549-04', '696-05', '8651-04', 'TB3091', '702-06', '9050-05', '3003-06']	3132955	3132965.0	None	Rv2825c	Rv2825c	False	False	False	True	Event_227	20	1	1	1	1
NC_000962.3	GUBBINS	CDS	3133065	3133078	0.000	.	Node_50	Node_49	222.969264	6	['mada_1-53', 'mada_2-53']	3133064	3133071.0	lineage4	Rv2825c	Rv2825c	False	False	False	True	Event_228	14	1	1	1	1
NC_000962.3	GUBBINS	CDS	3135852	3135974	0.000	.	Node_148	Node_147	2576.081864	14	['R27252', 'R23887', 'N0153', 'N0072', 'mada_1-10', 'mada_118', 'mada_1-36', 'mada_117', 'mada_1-39', 'mada_107', 'mada_2-46', 'mada_1-44', 'mada_1-1', 'mada_1-51', 'mada_122']	3135851	3135912.5	lineage1	Rv2828c	Rv2828c	False	False	False	True	Event_229	123	1	1	1	1
NC_000962.3	GUBBINS	CDS	3135950	3135974	0.000	.	Node_132	Node_71	1540.399718	8	['N1274', 'N0054', 'QC-3', 'QC-9', 'QC-5', 'N0004', 'mada_1-30']	3135949	3135961.5	lineage3	Rv2828c	Rv2828c	False	False	False	True	Event_230	25	1	1	1	1
NC_000962.3	GUBBINS	CDS	3135961	3135974	0.000	.	Node_48	TB3054	1174.109214	6	['TB3054']	3135960	3135967.0	lineage4	Rv2828c	Rv2828c	False	False	False	True	Event_231	14	1	1	1	1
NC_000962.3	GUBBINS	CDS	3135961	3135974	0.000	.	Node_97	R37765	617.53723	6	['R37765']	3135960	3135967.0	lineage2	Rv2828c	Rv2828c	False	False	False	True	Event_232	14	1	1	1	1
NC_000962.3	GUBBINS	CDS	3135971	3135974	0.000	.	Node_37	01_R1430	999999.0	4	['01_R1430']	3135970	3135972.0	lineage4	Rv2828c	Rv2828c	False	False	False	True	Event_233	4	1	1	1	1
NC_000962.3	GUBBINS	CDS	3135971	3136335	0.000	.	Node_42	02_R1896	742.405923	5	['02_R1896']	3135970	3136152.5	lineage4	Rv2828c,Rv2828A	Rv2828c,Rv2828A	False	False	False	True	Event_234	365	1	1	1	1
NC_000962.3	GUBBINS	CDS	3194200	3194430	0.000	.	Node_48	Node_47	1659.259625	26	['mada_126', 'mada_120']	3194199	3194314.5	lineage4	Rv2885c	Rv2885c	False	False	False	True	Event_235	231	3	1	1	1
NC_000962.3	GUBBINS	CDS	3247298	3247340	0.000	.	Node_132	Node_71	1478.520437	5	['N1274', 'N0054', 'QC-3', 'QC-9', 'QC-5', 'N0004', 'mada_1-30']	3247297	3247318.5	lineage3	ppsA	Rv2931	False	False	False	True	Event_236	43	1	1	1	1
NC_000962.3	GUBBINS	CDS	3247851	3248075	0.000	.	Node_58	mada_1-38	1204.510078	13	['mada_1-38']	3247850	3247962.5	lineage4	ppsA	Rv2931	False	False	False	True	Event_237	225	1	1	1	1
NC_000962.3	GUBBINS	CDS	3252893	3252905	0.000	.	Node_1	N1272	1045.554353	5	['N1272']	3252892	3252898.5	lineage5	ppsB	Rv2932	False	False	False	True	Event_238	13	1	1	1	1
NC_000962.3	GUBBINS	CDS	3336528	3336705	0.000	.	Node_148	Node_147	2367.002814	4	['R27252', 'R23887', 'N0153', 'N0072', 'mada_1-10', 'mada_118', 'mada_1-36', 'mada_117', 'mada_1-39', 'mada_107', 'mada_2-46', 'mada_1-44', 'mada_1-1', 'mada_1-51', 'mada_122']	3336527	3336616.0	lineage1	None	None	False	False	False	True	Event_239	178	3	1	0	0
NC_000962.3	GUBBINS	CDS	3377271	3377326	0.000	.	Node_134	R23887	2151.098749	12	['R23887']	3377270	3377298.0	lineage1	PPE46	Rv3018c	False	True	False	False	Event_240	56	1	1	1	1
NC_000962.3	GUBBINS	CDS	3377271	3377351	0.000	.	Node_33	QC-7	485.573867	7	['QC-7']	3377270	3377310.5	lineage4	PPE46	Rv3018c	False	True	False	False	Event_241	81	1	1	1	1
NC_000962.3	GUBBINS	CDS	3528169	3528177	0.000	.	Node_141	mada_122	737.715382	5	['mada_122']	3528168	3528172.5	lineage1	PPE53	Rv3159c	False	True	False	False	Event_242	9	1	1	1	1
NC_000962.3	GUBBINS	CDS	3730390	3730741	0.000	.	Node_4	Node_1	3413.422113	6	['N1272', 'N1176']	3730389	3730565.0	lineage5	PPE54	Rv3343c	False	True	False	False	Event_243	352	2	1	1	1
NC_000962.3	GUBBINS	CDS	3730928	3730946	0.000	.	Node_134	R23887	2112.252824	8	['R23887']	3730927	3730936.5	lineage1	PPE54	Rv3343c	False	True	False	False	Event_244	19	2	1	1	1
NC_000962.3	GUBBINS	CDS	3735709	3735967	0.000	.	Node_96	M0003941_3	443.69771	5	['M0003941_3']	3735708	3735837.5	lineage2	PPE54	Rv3343c	False	True	False	False	Event_245	259	1	1	1	1
NC_000962.3	GUBBINS	CDS	3735802	3736179	0.000	.	Node_148	Node_147	2387.717026	6	['R27252', 'R23887', 'N0153', 'N0072', 'mada_1-10', 'mada_118', 'mada_1-36', 'mada_117', 'mada_1-39', 'mada_107', 'mada_2-46', 'mada_1-44', 'mada_1-1', 'mada_1-51', 'mada_122']	3735801	3735990.0	lineage1	PPE54	Rv3343c	False	True	False	False	Event_246	378	1	1	1	1
NC_000962.3	GUBBINS	CDS	3735802	3736229	0.000	.	Node_68	N0004	893.510982	13	['N0004']	3735801	3736015.0	lineage3	PPE54	Rv3343c	False	True	False	False	Event_247	428	1	1	1	1
NC_000962.3	GUBBINS	CDS	3735802	3736276	0.000	.	Node_131	Node_85	1329.472113	7	['R21893', 'R30420', 'R32929', 'R26778', 'R23146', 'R28980', 'R21408', 'R20574', 'R20260', 'R26791', 'R27725', 'R18043', 'R18040', 'R27937', 'R22601']	3735801	3736038.5	lineage2	PPE54	Rv3343c	False	True	False	False	Event_248	475	1	1	1	1
NC_000962.3	GUBBINS	CDS	3735849	3735967	0.000	.	Node_94	N0155	618.075079	5	['N0155']	3735848	3735907.5	lineage2	PPE54	Rv3343c	False	True	False	False	Event_249	119	1	1	1	1
NC_000962.3	GUBBINS	CDS	3735865	3736179	0.000	.	Node_59	01_R1134	1675.985338	5	['01_R1134']	3735864	3736021.5	lineage4	PPE54	Rv3343c	False	True	False	False	Event_250	315	1	1	1	1
NC_000962.3	GUBBINS	CDS	3735925	3736306	0.000	.	Node_64	TB3251	2151.259805	13	['TB3251']	3735924	3736115.0	lineage4	PPE54	Rv3343c	False	True	False	False	Event_251	382	1	1	1	1
NC_000962.3	GUBBINS	CDS	3736211	3736229	0.000	.	Node_4	Node_3	3267.266561	8	['N1177', 'N1202', 'N0091']	3736210	3736219.5	lineage6	PPE54	Rv3343c	False	True	False	False	Event_252	19	1	1	1	1
NC_000962.3	GUBBINS	CDS	3739316	3739360	0.000	.	Node_134	R27252	2111.981932	8	['R27252']	3739315	3739337.5	lineage1	PE_PGRS50	Rv3345c	False	True	False	False	Event_253	45	0	0	0	0
NC_000962.3	GUBBINS	CDS	3746660	3746875	0.000	.	Node_148	Node_147	2533.421039	11	['R27252', 'R23887', 'N0153', 'N0072', 'mada_1-10', 'mada_118', 'mada_1-36', 'mada_117', 'mada_1-39', 'mada_107', 'mada_2-46', 'mada_1-44', 'mada_1-1', 'mada_1-51', 'mada_122']	3746659	3746767.0	lineage1	PPE55	Rv3347c	False	True	False	False	Event_254	216	7	1	1	1
NC_000962.3	GUBBINS	CDS	3746726	3746933	0.000	.	Node_17	Node_16	576.111591	10	['mada_105', 'TB3169', 'M0014888_3', 'mada_151', 'mada_129', 'QC-4', 'QC-8', 'QC-10', '02_R1708', '02_R0894', 'mada_139']	3746725	3746829.0	lineage4	PPE55	Rv3347c	False	True	False	False	Event_255	208	7	1	1	1
NC_000962.3	GUBBINS	CDS	3750177	3750421	0.000	.	Node_133	Node_65	958.952188	12	['mada_2-31', 'mada_1-41', 'MT_0080', 'mada_102', 'TB3334', 'mada_105', 'TB3169', 'M0014888_3', 'mada_151', 'mada_129', 'QC-4', 'QC-8', 'QC-10', '02_R1708', '02_R0894', 'mada_139', 'M0017522_5', 'S0106-01', 'R21770', 'R21839', 'R21363', 'mada_1-32', 'R30396', 'R20896', 'TB3251', 'M0016395_7', 'R15311', '02_R1179', 'TB3162', 'TB2661', 'TB3386', 'M0010874_7', 'QC-7', 'QC-6', 'QC-1', '01_R1430', 'M0011368_9', 'mada_103', 'mada_112', 'mada_124', 'S0123-01', 'S0262-02', '02_R1896', 'mada_2-25', 'TB3237', 'TB4620', 'M0016737_0', 'TB3054', 'mada_126', 'mada_120', '01_R1134', 'mada_1-38', 'TB2968', 'mada_123', 'R23571', 'mada_2-1', 'mada_1-50', 'mada_1-53', 'mada_2-53', 'mada_1-12', 'mada_128', 'mada_1-15']	3750176	3750298.5	lineage4	PPE55	Rv3347c	False	True	False	False	Event_256	245	4	1	1	1
NC_000962.3	GUBBINS	CDS	3750560	3750701	0.000	.	Node_29	TB3386	121.083243	16	['TB3386']	3750559	3750630.0	lineage4	PPE55	Rv3347c	False	True	False	False	Event_257	142	4	1	1	1
NC_000962.3	GUBBINS	CDS	3750805	3750860	0.000	.	Node_134	R27252	2025.649128	4	['R27252']	3750804	3750832.0	lineage1	PPE55	Rv3347c	False	True	False	False	Event_258	56	4	1	1	1
NC_000962.3	GUBBINS	CDS	3750805	3750860	0.000	.	Node_145	N0072	1353.330047	4	['N0072']	3750804	3750832.0	lineage1	PPE55	Rv3347c	False	True	False	False	Event_259	56	4	1	1	1
NC_000962.3	GUBBINS	CDS	3752003	3752012	0.000	.	Node_132	Node_71	1515.849289	5	['N1274', 'N0054', 'QC-3', 'QC-9', 'QC-5', 'N0004', 'mada_1-30']	3752002	3752007.0	lineage3	PPE55	Rv3347c	False	True	False	False	Event_260	10	2	1	1	1
NC_000962.3	GUBBINS	CDS	3752654	3752842	0.000	.	Node_19	R21363	235.664194	14	['R21363']	3752653	3752747.5	lineage4	PPE55	Rv3347c	False	True	False	False	Event_261	189	1	1	1	1
NC_000962.3	GUBBINS	CDS	3757488	3757768	0.000	.	Node_34	M0010874_7	655.090573	10	['M0010874_7']	3757487	3757627.5	lineage4	PPE56	Rv3350c	False	True	False	False	Event_262	281	7	1	1	1
NC_000962.3	GUBBINS	CDS	3758759	3758787	0.000	.	Node_41	Node_40	596.522417	5	['S0123-01', 'S0262-02']	3758758	3758772.5	lineage4	PPE56	Rv3350c	False	True	False	False	Event_263	29	6	1	1	1
NC_000962.3	GUBBINS	CDS	3766599	3766860	0.000	.	Node_149	RW-TB008	4364.750923	5	['RW-TB008']	3766598	3766729.0	lineage8	PPE56	Rv3350c	False	True	False	False	Event_264	262	2	1	1	1
NC_000962.3	GUBBINS	CDS	3766852	3766860	0.000	.	Node_25	Node_24	652.374006	4	['S0106-01', 'R21770', 'R21839', 'R21363', 'mada_1-32', 'R30396', 'R20896']	3766851	3766855.5	lineage4	PPE56	Rv3350c	False	True	False	False	Event_265	9	2	1	1	1
NC_000962.3	GUBBINS	CDS	3766852	3766860	0.000	.	Node_4	Node_1	3447.44401	4	['N1272', 'N1176']	3766851	3766855.5	lineage5	PPE56	Rv3350c	False	True	False	False	Event_266	9	2	1	1	1
NC_000962.3	GUBBINS	CDS	3841652	3841663	0.000	.	Node_149	RW-TB008	4443.860886	4	['RW-TB008']	3841651	3841657.0	lineage8	None	None	False	False	False	True	Event_267	12	1	1	1	1
NC_000962.3	GUBBINS	CDS	3841652	3841663	0.000	.	Node_43	TB3237	662.145599	4	['TB3237']	3841651	3841657.0	lineage4	None	None	False	False	False	True	Event_268	12	1	1	1	1
NC_000962.3	GUBBINS	CDS	3841662	3841816	0.000	.	Node_36	Node_28	679.048411	6	['M0016395_7', 'R15311']	3841661	3841738.5	lineage4	Rv3424c	Rv3424c	False	False	False	True	Event_269	155	1	1	1	1
NC_000962.3	GUBBINS	CDS	3847215	3847238	0.000	.	Node_132	Node_131	1410.689047	5	['R21893', 'R30420', 'R32929', 'R26778', 'R23146', 'R28980', 'R21408', 'R20574', 'R20260', 'R26791', 'R27725', 'R18043', 'R18040', 'R27937', 'R22601', '18_0621851', 'N0155', 'mada_1-11', 'N0145', 'S0085-01', 'S0089-01', 'S0107-01', 'R29598', 'R24100', 'R28581', 'S0256-08', 'R37765', 'M0003941_3', 'mada_115', 'mada_2-42', 'TB2995', 'TB2512', 'TB2981', '706-05', 'TB3113', 'S0070-08', 'R29816', 'R36431', 'R24120', 'R28703', 'R30234', 'R31095', 'R30078', 'R28012', 'R27657', 'R30215', 'R25048', 'TB2780', 'TB3368', '8129-04', 'TB1236', 'TB2659', 'TB1612', 'TB3396', '4549-04', '696-05', '8651-04', 'TB3091', '702-06', '9050-05', '3003-06']	3847214	3847226.0	lineage2	PPE59	Rv3429	False	True	False	False	Event_270	24	1	1	1	1
NC_000962.3	GUBBINS	CDS	3847215	3847247	0.000	.	Node_15	mada_139	538.356475	7	['mada_139']	3847214	3847230.5	lineage4	PPE59	Rv3429	False	True	False	False	Event_271	33	1	1	1	1
NC_000962.3	GUBBINS	CDS	3847562	3847581	0.000	.	Node_148	Node_147	2499.917763	5	['R27252', 'R23887', 'N0153', 'N0072', 'mada_1-10', 'mada_118', 'mada_1-36', 'mada_117', 'mada_1-39', 'mada_107', 'mada_2-46', 'mada_1-44', 'mada_1-1', 'mada_1-51', 'mada_122']	3847561	3847571.0	lineage1	PPE59	Rv3429	False	True	False	False	Event_272	20	1	1	1	1
NC_000962.3	GUBBINS	CDS	3883581	3883626	0.000	.	Node_12	Node_11	504.451023	4	['QC-4', 'QC-8', 'QC-10']	3883580	3883603.0	lineage4	Rv3466	Rv3466	False	False	True	False	Event_273	46	2	1	1	1
NC_000962.3	GUBBINS	CDS	3883595	3883711	0.000	.	Node_59	01_R1134	1741.43322	7	['01_R1134']	3883594	3883652.5	lineage4	Rv3466	Rv3466	False	False	True	False	Event_274	117	2	1	1	1
NC_000962.3	GUBBINS	CDS	3883605	3884155	0.000	.	Node_136	mada_1-44	600.075852	30	['mada_1-44']	3883604	3883879.5	lineage1	Rv3466,Rv3467	Rv3466,Rv3467	False	False	True	False	Event_275	551	2	1	1	1
NC_000962.3	GUBBINS	CDS	3883626	3883690	0.000	.	Node_96	Node_95	387.233373	4	['mada_115', 'mada_2-42']	3883625	3883657.5	lineage2	Rv3466	Rv3466	False	False	True	False	Event_276	65	2	1	1	1
NC_000962.3	GUBBINS	CDS	3883626	3883845	0.000	.	Node_48	Node_47	1532.171932	8	['mada_126', 'mada_120']	3883625	3883735.0	lineage4	Rv3466	Rv3466	False	False	True	False	Event_277	220	2	1	1	1
NC_000962.3	GUBBINS	CDS	3883664	3883860	0.000	.	Node_27	Node_5	1775.438863	26	['mada_2-31', 'mada_1-41']	3883663	3883761.5	lineage4	Rv3466	Rv3466	False	False	True	False	Event_278	197	2	1	1	1
NC_000962.3	GUBBINS	CDS	3883664	3883915	0.000	.	Node_13	Node_9	66.27458	24	['mada_105', 'TB3169', 'M0014888_3', 'mada_151']	3883663	3883789.0	lineage4	Rv3466	Rv3466	False	False	True	False	Event_279	252	2	1	1	1
NC_000962.3	GUBBINS	CDS	3883664	3883915	0.000	.	Node_41	Node_40	687.657618	11	['S0123-01', 'S0262-02']	3883663	3883789.0	lineage4	Rv3466	Rv3466	False	False	True	False	Event_280	252	2	1	1	1
NC_000962.3	GUBBINS	CDS	3883683	3883711	0.000	.	Node_1	N1272	1026.184464	5	['N1272']	3883682	3883696.5	lineage5	Rv3466	Rv3466	False	False	True	False	Event_281	29	2	1	1	1
NC_000962.3	GUBBINS	CDS	3883683	3883711	0.000	.	Node_22	Node_21	732.178336	5	['R30396', 'R20896']	3883682	3883696.5	lineage4	Rv3466	Rv3466	False	False	True	False	Event_282	29	2	1	1	1
NC_000962.3	GUBBINS	CDS	3883683	3883797	0.000	.	Node_134	R27252	2044.26944	5	['R27252']	3883682	3883739.5	lineage1	Rv3466	Rv3466	False	False	True	False	Event_283	115	2	1	1	1
NC_000962.3	GUBBINS	CDS	3883683	3883915	0.000	.	Node_25	M0017522_5	1344.002861	7	['M0017522_5']	3883682	3883798.5	lineage4	Rv3466	Rv3466	False	False	True	False	Event_284	233	2	1	1	1
NC_000962.3	GUBBINS	CDS	3883683	3883915	0.000	.	Node_69	Node_67	1002.448095	9	['QC-3', 'QC-9', 'QC-5']	3883682	3883798.5	lineage3	Rv3466	Rv3466	False	False	True	False	Event_285	233	2	1	1	1
NC_000962.3	GUBBINS	CDS	3883683	3884871	0.000	.	Node_2	N0091	1801.545976	13	['N0091']	3883682	3884276.5	lineage6	Rv3466,Rv3467	Rv3466,Rv3467	False	False	True	False	Event_286	1189	2	1	1	1
NC_000962.3	GUBBINS	CDS	3883768	3883860	0.000	.	Node_42	02_R1896	822.475902	19	['02_R1896']	3883767	3883813.5	lineage4	Rv3466	Rv3466	False	False	True	False	Event_287	93	2	1	1	1
NC_000962.3	GUBBINS	CDS	3883793	3883860	0.000	.	Node_37	01_R1430	674.489403	15	['01_R1430']	3883792	3883826.0	lineage4	Rv3466	Rv3466	False	False	True	False	Event_288	68	2	1	1	1
NC_000962.3	GUBBINS	CDS	3884731	3884851	0.000	.	Node_25	M0017522_5	1315.571307	6	['M0017522_5']	3884730	3884790.5	lineage4	Rv3467	Rv3467	False	False	True	False	Event_289	121	2	1	1	1
NC_000962.3	GUBBINS	CDS	3894588	3895342	0.000	.	Node_48	TB3054	1246.216765	27	['TB3054']	3894587	3894964.5	lineage4	PPE60	Rv3478	False	True	False	False	Event_290	755	2	1	1	1
NC_000962.3	GUBBINS	CDS	3895055	3895116	0.000	.	Node_41	Node_39	711.840017	20	['mada_103', 'mada_112', 'mada_124']	3895054	3895085.0	lineage4	PPE60	Rv3478	False	True	False	False	Event_291	62	2	1	1	1
NC_000962.3	GUBBINS	CDS	3895055	3895116	0.000	.	Node_50	mada_1-50	235.832795	20	['mada_1-50']	3895054	3895085.0	lineage4	PPE60	Rv3478	False	True	False	False	Event_292	62	2	1	1	1
NC_000962.3	GUBBINS	CDS	3895055	3895185	0.000	.	Node_9	mada_105	631.945972	33	['mada_105']	3895054	3895119.5	lineage4	PPE60	Rv3478	False	True	False	False	Event_293	131	2	1	1	1
NC_000962.3	GUBBINS	CDS	3895067	3895082	0.000	.	Node_18	Node_6	223.573447	7	['MT_0080', 'mada_102']	3895066	3895074.0	lineage4	PPE60	Rv3478	False	True	False	False	Event_294	16	2	1	1	1
NC_000962.3	GUBBINS	CDS	3895067	3895257	0.000	.	Node_31	Node_30	412.863731	25	['TB3162', 'TB2661', 'TB3386']	3895066	3895161.5	lineage4	PPE60	Rv3478	False	True	False	False	Event_295	191	2	1	1	1
NC_000962.3	GUBBINS	CDS	3895146	3895159	0.000	.	Node_71	N1274	1455.059142	7	['N1274']	3895145	3895152.0	lineage3	PPE60	Rv3478	False	True	False	False	Event_296	14	2	1	1	1
NC_000962.3	GUBBINS	CDS	3895247	3895282	0.000	.	Node_148	Node_147	2481.971754	5	['R27252', 'R23887', 'N0153', 'N0072', 'mada_1-10', 'mada_118', 'mada_1-36', 'mada_117', 'mada_1-39', 'mada_107', 'mada_2-46', 'mada_1-44', 'mada_1-1', 'mada_1-51', 'mada_122']	3895246	3895264.0	lineage1	PPE60	Rv3478	False	True	False	False	Event_297	36	2	1	1	1
NC_000962.3	GUBBINS	CDS	3930384	3930432	0.000	.	Node_25	M0017522_5	1480.29682	14	['M0017522_5']	3930383	3930407.5	lineage4	PE_PGRS53	Rv3507	False	True	False	False	Event_298	49	1	1	0	0
NC_000962.3	GUBBINS	CDS	3932006	3932048	0.000	.	Node_15	mada_139	510.719962	6	['mada_139']	3932005	3932026.5	lineage4	PE_PGRS54	Rv3508	False	True	False	False	Event_299	43	2	1	1	1
NC_000962.3	GUBBINS	CDS	3932495	3932601	0.000	.	Node_131	Node_85	1361.722839	15	['R21893', 'R30420', 'R32929', 'R26778', 'R23146', 'R28980', 'R21408', 'R20574', 'R20260', 'R26791', 'R27725', 'R18043', 'R18040', 'R27937', 'R22601']	3932494	3932547.5	lineage2	PE_PGRS54	Rv3508	False	True	False	False	Event_300	107	3	1	1	1
NC_000962.3	GUBBINS	CDS	3932780	3932814	0.000	.	Node_138	mada_1-1	487.443579	7	['mada_1-1']	3932779	3932796.5	lineage1	PE_PGRS54	Rv3508	False	True	False	False	Event_301	35	3	1	1	1
NC_000962.3	GUBBINS	CDS	3932796	3932876	0.000	.	Node_70	N0054	949.42263	4	['N0054']	3932795	3932835.5	lineage3	PE_PGRS54	Rv3508	False	True	False	False	Event_302	81	3	1	1	1
NC_000962.3	GUBBINS	CDS	3932897	3932972	0.000	.	Node_7	mada_151	461.928671	7	['mada_151']	3932896	3932934.0	lineage4	PE_PGRS54	Rv3508	False	True	False	False	Event_303	76	3	1	1	1
NC_000962.3	GUBBINS	CDS	3932919	3932929	0.000	.	Node_59	01_R1134	1688.148481	4	['01_R1134']	3932918	3932923.5	lineage4	PE_PGRS54	Rv3508	False	True	False	False	Event_304	11	3	1	1	1
NC_000962.3	GUBBINS	CDS	3934001	3934025	0.000	.	Node_71	N1274	1401.874781	4	['N1274']	3934000	3934012.5	lineage3	PE_PGRS54	Rv3508	False	True	False	False	Event_305	25	6	1	1	1
NC_000962.3	GUBBINS	CDS	3934001	3934091	0.000	.	Node_147	Node_134	593.392627	8	['R27252', 'R23887']	3934000	3934045.5	lineage1	PE_PGRS54	Rv3508	False	True	False	False	Event_306	91	6	1	1	1
NC_000962.3	GUBBINS	CDS	3934001	3934091	0.000	.	Node_149	RW-TB008	4585.592503	8	['RW-TB008']	3934000	3934045.5	lineage8	PE_PGRS54	Rv3508	False	True	False	False	Event_307	91	6	1	1	1
NC_000962.3	GUBBINS	CDS	3934001	3934096	0.000	.	Node_143	Node_142	681.934805	10	['mada_1-36', 'mada_117', 'mada_1-39', 'mada_107', 'mada_2-46', 'mada_1-44', 'mada_1-1', 'mada_1-51', 'mada_122']	3934000	3934048.0	lineage1	PE_PGRS54	Rv3508	False	True	False	False	Event_308	96	6	1	1	1
NC_000962.3	GUBBINS	CDS	3934812	3934822	0.000	.	Node_54	mada_128	630.300057	5	['mada_128']	3934811	3934816.5	lineage4	PE_PGRS54	Rv3508	False	True	False	False	Event_309	11	5	1	1	1
NC_000962.3	GUBBINS	CDS	3935306	3935379	0.000	.	Node_141	mada_122	724.252287	4	['mada_122']	3935305	3935342.0	lineage1	PE_PGRS54	Rv3508	False	True	False	False	Event_310	74	7	1	1	1
NC_000962.3	GUBBINS	CDS	3935335	3935459	0.000	.	Node_42	mada_2-25	778.744788	4	['mada_2-25']	3935334	3935396.5	lineage4	PE_PGRS54	Rv3508	False	True	False	False	Event_311	125	7	1	1	1
NC_000962.3	GUBBINS	CDS	3935335	3935494	0.000	.	Node_57	Node_56	418.966583	5	['mada_123', 'R23571', 'mada_2-1', 'mada_1-50', 'mada_1-53', 'mada_2-53', 'mada_1-12', 'mada_128', 'mada_1-15']	3935334	3935414.0	lineage4	PE_PGRS54	Rv3508	False	True	False	False	Event_312	160	7	1	1	1
NC_000962.3	GUBBINS	CDS	3935447	3935494	0.000	.	Node_28	R15311	589.466437	6	['R15311']	3935446	3935470.0	lineage4	PE_PGRS54	Rv3508	False	True	False	False	Event_313	48	6	1	1	1
NC_000962.3	GUBBINS	CDS	3935448	3935494	0.000	.	Node_48	TB3054	1159.113434	4	['TB3054']	3935447	3935470.5	lineage4	PE_PGRS54	Rv3508	False	True	False	False	Event_314	47	6	1	1	1
NC_000962.3	GUBBINS	CDS	3941497	3941516	0.000	.	Node_136	mada_2-46	488.855419	4	['mada_2-46']	3941496	3941506.0	lineage1	PE_PGRS55	Rv3511	False	True	False	False	Event_315	20	3	1	1	1
NC_000962.3	GUBBINS	CDS	3941497	3941516	0.000	.	Node_144	mada_1-10	1492.591429	4	['mada_1-10']	3941496	3941506.0	lineage1	PE_PGRS55	Rv3511	False	True	False	False	Event_316	20	3	1	1	1
NC_000962.3	GUBBINS	CDS	3943145	3943175	0.000	.	Node_143	mada_118	1338.700161	10	['mada_118']	3943144	3943159.5	lineage1	PE_PGRS56	Rv3512	False	True	False	False	Event_317	31	2	1	1	1
NC_000962.3	GUBBINS	CDS	3947413	3947425	0.000	.	Node_17	TB3334	959.099967	5	['TB3334']	3947412	3947418.5	lineage4	PE_PGRS57	Rv3514	False	True	False	False	Event_318	13	8	1	1	1
NC_000962.3	GUBBINS	CDS	3947413	3947425	0.000	.	Node_26	Node_18	460.062051	5	['MT_0080', 'mada_102', 'TB3334', 'mada_105', 'TB3169', 'M0014888_3', 'mada_151', 'mada_129', 'QC-4', 'QC-8', 'QC-10', '02_R1708', '02_R0894', 'mada_139']	3947412	3947418.5	lineage4	PE_PGRS57	Rv3514	False	True	False	False	Event_319	13	8	1	1	1
NC_000962.3	GUBBINS	CDS	3947413	3947425	0.000	.	Node_64	TB3251	2106.478821	6	['TB3251']	3947412	3947418.5	lineage4	PE_PGRS57	Rv3514	False	True	False	False	Event_320	13	8	1	1	1
NC_000962.3	GUBBINS	CDS	4032911	4032977	0.000	.	Node_149	RW-TB008	4738.701772	13	['RW-TB008']	4032910	4032943.5	lineage8	PE_PGRS58	Rv3590c	False	True	False	False	Event_321	67	0	0	0	0
NC_000962.3	GUBBINS	CDS	4060100	4060230	0.000	.	Node_59	Node_58	543.43386	4	['mada_1-38', 'TB2968', 'mada_123', 'R23571', 'mada_2-1', 'mada_1-50', 'mada_1-53', 'mada_2-53', 'mada_1-12', 'mada_128', 'mada_1-15']	4060099	4060164.5	lineage4	esxV	Rv3619c	True	False	False	False	Event_322	131	4	1	1	1
NC_000962.3	GUBBINS	CDS	4221544	4221619	0.000	.	Node_112	Node_102	390.83743	7	['TB2995', 'TB2512', 'TB2981', '706-05', 'TB3113']	4221543	4221581.0	lineage2	Rv3776	Rv3776	False	False	False	True	Event_323	76	1	1	1	1
NC_000962.3	GUBBINS	CDS	4253576	4253583	0.000	.	Node_148	Node_133	1634.243225	4	['mada_2-31', 'mada_1-41', 'MT_0080', 'mada_102', 'TB3334', 'mada_105', 'TB3169', 'M0014888_3', 'mada_151', 'mada_129', 'QC-4', 'QC-8', 'QC-10', '02_R1708', '02_R0894', 'mada_139', 'M0017522_5', 'S0106-01', 'R21770', 'R21839', 'R21363', 'mada_1-32', 'R30396', 'R20896', 'TB3251', 'M0016395_7', 'R15311', '02_R1179', 'TB3162', 'TB2661', 'TB3386', 'M0010874_7', 'QC-7', 'QC-6', 'QC-1', '01_R1430', 'M0011368_9', 'mada_103', 'mada_112', 'mada_124', 'S0123-01', 'S0262-02', '02_R1896', 'mada_2-25', 'TB3237', 'TB4620', 'M0016737_0', 'TB3054', 'mada_126', 'mada_120', '01_R1134', 'mada_1-38', 'TB2968', 'mada_123', 'R23571', 'mada_2-1', 'mada_1-50', 'mada_1-53', 'mada_2-53', 'mada_1-12', 'mada_128', 'mada_1-15', 'N1274', 'N0054', 'QC-3', 'QC-9', 'QC-5', 'N0004', 'mada_1-30', 'R21893', 'R30420', 'R32929', 'R26778', 'R23146', 'R28980', 'R21408', 'R20574', 'R20260', 'R26791', 'R27725', 'R18043', 'R18040', 'R27937', 'R22601', '18_0621851', 'N0155', 'mada_1-11', 'N0145', 'S0085-01', 'S0089-01', 'S0107-01', 'R29598', 'R24100', 'R28581', 'S0256-08', 'R37765', 'M0003941_3', 'mada_115', 'mada_2-42', 'TB2995', 'TB2512', 'TB2981', '706-05', 'TB3113', 'S0070-08', 'R29816', 'R36431', 'R24120', 'R28703', 'R30234', 'R31095', 'R30078', 'R28012', 'R27657', 'R30215', 'R25048', 'TB2780', 'TB3368', '8129-04', 'TB1236', 'TB2659', 'TB1612', 'TB3396', '4549-04', '696-05', '8651-04', 'TB3091', '702-06', '9050-05', '3003-06']	4253575	4253579.0	None	Rv3798	Rv3798	False	False	False	True	Event_324	8	1	1	1	1
